[
  {
    "name": "Process Start",
    "start": 1605146608164,
    "end": 1605146608601,
    "duration": 437,
    "pid": 72535,
    "index": 0
  },
  {
    "name": "Application Start",
    "start": 1605146608601,
    "end": 1605146609043,
    "duration": 442,
    "pid": 72535,
    "index": 1
  },
  {
    "name": "Load Plugin",
    "start": 1605146608604,
    "end": 1605146608611,
    "duration": 7,
    "pid": 72535,
    "index": 2
  },
  {
    "name": "Load Config",
    "start": 1605146608611,
    "end": 1605146608623,
    "duration": 12,
    "pid": 72535,
    "index": 3
  },
  {
    "name": "Require(0) config/config.default.js",
    "start": 1605146608611,
    "end": 1605146608612,
    "duration": 1,
    "pid": 72535,
    "index": 4
  },
  {
    "name": "Require(1) node_modules/egg-session/config/config.default.js",
    "start": 1605146608613,
    "end": 1605146608613,
    "duration": 0,
    "pid": 72535,
    "index": 5
  },
  {
    "name": "Require(2) node_modules/egg-security/config/config.default.js",
    "start": 1605146608613,
    "end": 1605146608613,
    "duration": 0,
    "pid": 72535,
    "index": 6
  },
  {
    "name": "Require(3) node_modules/egg-jsonp/config/config.default.js",
    "start": 1605146608614,
    "end": 1605146608614,
    "duration": 0,
    "pid": 72535,
    "index": 7
  },
  {
    "name": "Require(4) node_modules/egg-onerror/config/config.default.js",
    "start": 1605146608614,
    "end": 1605146608614,
    "duration": 0,
    "pid": 72535,
    "index": 8
  },
  {
    "name": "Require(5) node_modules/egg-i18n/config/config.default.js",
    "start": 1605146608614,
    "end": 1605146608615,
    "duration": 1,
    "pid": 72535,
    "index": 9
  },
  {
    "name": "Require(6) node_modules/egg-watcher/config/config.default.js",
    "start": 1605146608615,
    "end": 1605146608615,
    "duration": 0,
    "pid": 72535,
    "index": 10
  },
  {
    "name": "Require(7) node_modules/egg-schedule/config/config.default.js",
    "start": 1605146608615,
    "end": 1605146608615,
    "duration": 0,
    "pid": 72535,
    "index": 11
  },
  {
    "name": "Require(8) node_modules/egg-multipart/config/config.default.js",
    "start": 1605146608615,
    "end": 1605146608616,
    "duration": 1,
    "pid": 72535,
    "index": 12
  },
  {
    "name": "Require(9) node_modules/egg-development/config/config.default.js",
    "start": 1605146608616,
    "end": 1605146608616,
    "duration": 0,
    "pid": 72535,
    "index": 13
  },
  {
    "name": "Require(10) node_modules/egg-logrotator/config/config.default.js",
    "start": 1605146608616,
    "end": 1605146608616,
    "duration": 0,
    "pid": 72535,
    "index": 14
  },
  {
    "name": "Require(11) node_modules/egg-static/config/config.default.js",
    "start": 1605146608616,
    "end": 1605146608617,
    "duration": 1,
    "pid": 72535,
    "index": 15
  },
  {
    "name": "Require(12) node_modules/egg-view/config/config.default.js",
    "start": 1605146608617,
    "end": 1605146608617,
    "duration": 0,
    "pid": 72535,
    "index": 16
  },
  {
    "name": "Require(13) node_modules/egg-validate/config/config.default.js",
    "start": 1605146608617,
    "end": 1605146608617,
    "duration": 0,
    "pid": 72535,
    "index": 17
  },
  {
    "name": "Require(14) node_modules/egg-view-ejs/config/config.default.js",
    "start": 1605146608617,
    "end": 1605146608618,
    "duration": 1,
    "pid": 72535,
    "index": 18
  },
  {
    "name": "Require(15) node_modules/egg-mysql/config/config.default.js",
    "start": 1605146608618,
    "end": 1605146608618,
    "duration": 0,
    "pid": 72535,
    "index": 19
  },
  {
    "name": "Require(16) node_modules/egg-sequelize/config/config.default.js",
    "start": 1605146608618,
    "end": 1605146608619,
    "duration": 1,
    "pid": 72535,
    "index": 20
  },
  {
    "name": "Require(17) node_modules/egg-jwt/config/config.default.js",
    "start": 1605146608619,
    "end": 1605146608619,
    "duration": 0,
    "pid": 72535,
    "index": 21
  },
  {
    "name": "Require(18) node_modules/egg-redis/config/config.default.js",
    "start": 1605146608619,
    "end": 1605146608619,
    "duration": 0,
    "pid": 72535,
    "index": 22
  },
  {
    "name": "Require(19) node_modules/egg/config/config.default.js",
    "start": 1605146608620,
    "end": 1605146608620,
    "duration": 0,
    "pid": 72535,
    "index": 23
  },
  {
    "name": "Require(20) config/config.default.js",
    "start": 1605146608621,
    "end": 1605146608621,
    "duration": 0,
    "pid": 72535,
    "index": 24
  },
  {
    "name": "Require(21) node_modules/egg-security/config/config.local.js",
    "start": 1605146608621,
    "end": 1605146608621,
    "duration": 0,
    "pid": 72535,
    "index": 25
  },
  {
    "name": "Require(22) node_modules/egg-watcher/config/config.local.js",
    "start": 1605146608621,
    "end": 1605146608621,
    "duration": 0,
    "pid": 72535,
    "index": 26
  },
  {
    "name": "Require(23) node_modules/egg-view/config/config.local.js",
    "start": 1605146608622,
    "end": 1605146608622,
    "duration": 0,
    "pid": 72535,
    "index": 27
  },
  {
    "name": "Require(24) node_modules/egg-view-ejs/config/config.local.js",
    "start": 1605146608622,
    "end": 1605146608622,
    "duration": 0,
    "pid": 72535,
    "index": 28
  },
  {
    "name": "Require(25) node_modules/egg/config/config.local.js",
    "start": 1605146608623,
    "end": 1605146608623,
    "duration": 0,
    "pid": 72535,
    "index": 29
  },
  {
    "name": "Load extend/application.js",
    "start": 1605146608624,
    "end": 1605146608645,
    "duration": 21,
    "pid": 72535,
    "index": 30
  },
  {
    "name": "Require(26) node_modules/egg-session/app/extend/application.js",
    "start": 1605146608624,
    "end": 1605146608625,
    "duration": 1,
    "pid": 72535,
    "index": 31
  },
  {
    "name": "Require(27) node_modules/egg-security/app/extend/application.js",
    "start": 1605146608625,
    "end": 1605146608625,
    "duration": 0,
    "pid": 72535,
    "index": 32
  },
  {
    "name": "Require(28) node_modules/egg-jsonp/app/extend/application.js",
    "start": 1605146608625,
    "end": 1605146608626,
    "duration": 1,
    "pid": 72535,
    "index": 33
  },
  {
    "name": "Require(29) node_modules/egg-logrotator/app/extend/application.js",
    "start": 1605146608626,
    "end": 1605146608627,
    "duration": 1,
    "pid": 72535,
    "index": 34
  },
  {
    "name": "Require(30) node_modules/egg-view/app/extend/application.js",
    "start": 1605146608627,
    "end": 1605146608627,
    "duration": 0,
    "pid": 72535,
    "index": 35
  },
  {
    "name": "Require(31) node_modules/egg-jwt/app/extend/application.js",
    "start": 1605146608628,
    "end": 1605146608643,
    "duration": 15,
    "pid": 72535,
    "index": 36
  },
  {
    "name": "Require(32) app/extend/application.js",
    "start": 1605146608643,
    "end": 1605146608644,
    "duration": 1,
    "pid": 72535,
    "index": 37
  },
  {
    "name": "Load extend/request.js",
    "start": 1605146608645,
    "end": 1605146608650,
    "duration": 5,
    "pid": 72535,
    "index": 38
  },
  {
    "name": "Require(33) node_modules/egg/app/extend/request.js",
    "start": 1605146608646,
    "end": 1605146608649,
    "duration": 3,
    "pid": 72535,
    "index": 39
  },
  {
    "name": "Require(34) app/extend/request.js",
    "start": 1605146608649,
    "end": 1605146608649,
    "duration": 0,
    "pid": 72535,
    "index": 40
  },
  {
    "name": "Load extend/response.js",
    "start": 1605146608650,
    "end": 1605146608654,
    "duration": 4,
    "pid": 72535,
    "index": 41
  },
  {
    "name": "Require(35) node_modules/egg/app/extend/response.js",
    "start": 1605146608651,
    "end": 1605146608652,
    "duration": 1,
    "pid": 72535,
    "index": 42
  },
  {
    "name": "Require(36) app/extend/response.js",
    "start": 1605146608652,
    "end": 1605146608652,
    "duration": 0,
    "pid": 72535,
    "index": 43
  },
  {
    "name": "Load extend/context.js",
    "start": 1605146608654,
    "end": 1605146608683,
    "duration": 29,
    "pid": 72535,
    "index": 44
  },
  {
    "name": "Require(37) node_modules/egg-security/app/extend/context.js",
    "start": 1605146608654,
    "end": 1605146608657,
    "duration": 3,
    "pid": 72535,
    "index": 45
  },
  {
    "name": "Require(38) node_modules/egg-jsonp/app/extend/context.js",
    "start": 1605146608657,
    "end": 1605146608657,
    "duration": 0,
    "pid": 72535,
    "index": 46
  },
  {
    "name": "Require(39) node_modules/egg-i18n/app/extend/context.js",
    "start": 1605146608658,
    "end": 1605146608658,
    "duration": 0,
    "pid": 72535,
    "index": 47
  },
  {
    "name": "Require(40) node_modules/egg-multipart/app/extend/context.js",
    "start": 1605146608658,
    "end": 1605146608680,
    "duration": 22,
    "pid": 72535,
    "index": 48
  },
  {
    "name": "Require(41) node_modules/egg-view/app/extend/context.js",
    "start": 1605146608680,
    "end": 1605146608680,
    "duration": 0,
    "pid": 72535,
    "index": 49
  },
  {
    "name": "Require(42) node_modules/egg-validate/app/extend/context.js",
    "start": 1605146608680,
    "end": 1605146608681,
    "duration": 1,
    "pid": 72535,
    "index": 50
  },
  {
    "name": "Require(43) lib/plugin/egg-info/app/extend/context.js",
    "start": 1605146608681,
    "end": 1605146608681,
    "duration": 0,
    "pid": 72535,
    "index": 51
  },
  {
    "name": "Require(44) node_modules/egg/app/extend/context.js",
    "start": 1605146608681,
    "end": 1605146608682,
    "duration": 1,
    "pid": 72535,
    "index": 52
  },
  {
    "name": "Require(45) app/extend/context.js",
    "start": 1605146608682,
    "end": 1605146608682,
    "duration": 0,
    "pid": 72535,
    "index": 53
  },
  {
    "name": "Load extend/helper.js",
    "start": 1605146608683,
    "end": 1605146608692,
    "duration": 9,
    "pid": 72535,
    "index": 54
  },
  {
    "name": "Require(46) node_modules/egg-security/app/extend/helper.js",
    "start": 1605146608684,
    "end": 1605146608689,
    "duration": 5,
    "pid": 72535,
    "index": 55
  },
  {
    "name": "Require(47) node_modules/egg/app/extend/helper.js",
    "start": 1605146608690,
    "end": 1605146608691,
    "duration": 1,
    "pid": 72535,
    "index": 56
  },
  {
    "name": "Require(48) app/extend/helper.js",
    "start": 1605146608691,
    "end": 1605146608691,
    "duration": 0,
    "pid": 72535,
    "index": 57
  },
  {
    "name": "Load app.js",
    "start": 1605146608693,
    "end": 1605146608715,
    "duration": 22,
    "pid": 72535,
    "index": 58
  },
  {
    "name": "Require(49) node_modules/egg-session/app.js",
    "start": 1605146608693,
    "end": 1605146608693,
    "duration": 0,
    "pid": 72535,
    "index": 59
  },
  {
    "name": "Require(50) node_modules/egg-security/app.js",
    "start": 1605146608693,
    "end": 1605146608693,
    "duration": 0,
    "pid": 72535,
    "index": 60
  },
  {
    "name": "Require(51) node_modules/egg-onerror/app.js",
    "start": 1605146608694,
    "end": 1605146608697,
    "duration": 3,
    "pid": 72535,
    "index": 61
  },
  {
    "name": "Require(52) node_modules/egg-i18n/app.js",
    "start": 1605146608697,
    "end": 1605146608703,
    "duration": 6,
    "pid": 72535,
    "index": 62
  },
  {
    "name": "Require(53) node_modules/egg-watcher/app.js",
    "start": 1605146608703,
    "end": 1605146608704,
    "duration": 1,
    "pid": 72535,
    "index": 63
  },
  {
    "name": "Require(54) node_modules/egg-schedule/app.js",
    "start": 1605146608704,
    "end": 1605146608705,
    "duration": 1,
    "pid": 72535,
    "index": 64
  },
  {
    "name": "Require(55) node_modules/egg-multipart/app.js",
    "start": 1605146608705,
    "end": 1605146608705,
    "duration": 0,
    "pid": 72535,
    "index": 65
  },
  {
    "name": "Require(56) node_modules/egg-development/app.js",
    "start": 1605146608705,
    "end": 1605146608705,
    "duration": 0,
    "pid": 72535,
    "index": 66
  },
  {
    "name": "Require(57) node_modules/egg-logrotator/app.js",
    "start": 1605146608706,
    "end": 1605146608706,
    "duration": 0,
    "pid": 72535,
    "index": 67
  },
  {
    "name": "Require(58) node_modules/egg-static/app.js",
    "start": 1605146608706,
    "end": 1605146608706,
    "duration": 0,
    "pid": 72535,
    "index": 68
  },
  {
    "name": "Require(59) node_modules/egg-validate/app.js",
    "start": 1605146608706,
    "end": 1605146608707,
    "duration": 1,
    "pid": 72535,
    "index": 69
  },
  {
    "name": "Require(60) node_modules/egg-view-ejs/app.js",
    "start": 1605146608707,
    "end": 1605146608707,
    "duration": 0,
    "pid": 72535,
    "index": 70
  },
  {
    "name": "Require(61) node_modules/egg-mysql/app.js",
    "start": 1605146608707,
    "end": 1605146608713,
    "duration": 6,
    "pid": 72535,
    "index": 71
  },
  {
    "name": "Require(62) node_modules/egg-sequelize/app.js",
    "start": 1605146608714,
    "end": 1605146608714,
    "duration": 0,
    "pid": 72535,
    "index": 72
  },
  {
    "name": "Require(63) node_modules/egg-jwt/app.js",
    "start": 1605146608714,
    "end": 1605146608714,
    "duration": 0,
    "pid": 72535,
    "index": 73
  },
  {
    "name": "Require(64) node_modules/egg-redis/app.js",
    "start": 1605146608714,
    "end": 1605146608714,
    "duration": 0,
    "pid": 72535,
    "index": 74
  },
  {
    "name": "Require(65) app.js",
    "start": 1605146608715,
    "end": 1605146608715,
    "duration": 0,
    "pid": 72535,
    "index": 75
  },
  {
    "name": "Before Start in node_modules/egg-watcher/lib/init.js:15:14",
    "start": 1605146608720,
    "end": 1605146609014,
    "duration": 294,
    "pid": 72535,
    "index": 76
  },
  {
    "name": "Before Start in node_modules/egg-mysql/lib/mysql.js:20:7",
    "start": 1605146608767,
    "end": 1605146609022,
    "duration": 255,
    "pid": 72535,
    "index": 77
  },
  {
    "name": "Load \"Symbol(model)\" to Application",
    "start": 1605146608898,
    "end": 1605146608907,
    "duration": 9,
    "pid": 72535,
    "index": 78
  },
  {
    "name": "Before Start in node_modules/egg-sequelize/lib/loader.js:39:7",
    "start": 1605146608909,
    "end": 1605146609043,
    "duration": 134,
    "pid": 72535,
    "index": 79
  },
  {
    "name": "Before Start in node_modules/egg-redis/lib/redis.js:53:7",
    "start": 1605146608934,
    "end": 1605146609011,
    "duration": 77,
    "pid": 72535,
    "index": 80
  },
  {
    "name": "Load Service",
    "start": 1605146608934,
    "end": 1605146608940,
    "duration": 6,
    "pid": 72535,
    "index": 81
  },
  {
    "name": "Load \"service\" to Context",
    "start": 1605146608935,
    "end": 1605146608940,
    "duration": 5,
    "pid": 72535,
    "index": 82
  },
  {
    "name": "Load Middleware",
    "start": 1605146608940,
    "end": 1605146608986,
    "duration": 46,
    "pid": 72535,
    "index": 83
  },
  {
    "name": "Load \"middlewares\" to Application",
    "start": 1605146608941,
    "end": 1605146608979,
    "duration": 38,
    "pid": 72535,
    "index": 84
  },
  {
    "name": "Load Controller",
    "start": 1605146608986,
    "end": 1605146608989,
    "duration": 3,
    "pid": 72535,
    "index": 85
  },
  {
    "name": "Load \"controller\" to Application",
    "start": 1605146608986,
    "end": 1605146608988,
    "duration": 2,
    "pid": 72535,
    "index": 86
  },
  {
    "name": "Load Router",
    "start": 1605146608989,
    "end": 1605146608990,
    "duration": 1,
    "pid": 72535,
    "index": 87
  },
  {
    "name": "Require(66) app/router.js",
    "start": 1605146608989,
    "end": 1605146608989,
    "duration": 0,
    "pid": 72535,
    "index": 88
  },
  {
    "name": "Before Start in node_modules/egg-core/lib/egg.js:303:10",
    "start": 1605146608989,
    "end": 1605146609002,
    "duration": 13,
    "pid": 72535,
    "index": 89
  }
]