[
  {
    "name": "Process Start",
    "start": 1605165567048,
    "end": 1605165567453,
    "duration": 405,
    "pid": 80422,
    "index": 0
  },
  {
    "name": "Application Start",
    "start": 1605165567453,
    "end": 1605165567862,
    "duration": 409,
    "pid": 80422,
    "index": 1
  },
  {
    "name": "Load Plugin",
    "start": 1605165567457,
    "end": 1605165567477,
    "duration": 20,
    "pid": 80422,
    "index": 2
  },
  {
    "name": "Load Config",
    "start": 1605165567477,
    "end": 1605165567489,
    "duration": 12,
    "pid": 80422,
    "index": 3
  },
  {
    "name": "Require(0) config/config.default.js",
    "start": 1605165567478,
    "end": 1605165567478,
    "duration": 0,
    "pid": 80422,
    "index": 4
  },
  {
    "name": "Require(1) node_modules/egg-session/config/config.default.js",
    "start": 1605165567479,
    "end": 1605165567479,
    "duration": 0,
    "pid": 80422,
    "index": 5
  },
  {
    "name": "Require(2) node_modules/egg-security/config/config.default.js",
    "start": 1605165567479,
    "end": 1605165567479,
    "duration": 0,
    "pid": 80422,
    "index": 6
  },
  {
    "name": "Require(3) node_modules/egg-jsonp/config/config.default.js",
    "start": 1605165567480,
    "end": 1605165567480,
    "duration": 0,
    "pid": 80422,
    "index": 7
  },
  {
    "name": "Require(4) node_modules/egg-onerror/config/config.default.js",
    "start": 1605165567480,
    "end": 1605165567480,
    "duration": 0,
    "pid": 80422,
    "index": 8
  },
  {
    "name": "Require(5) node_modules/egg-i18n/config/config.default.js",
    "start": 1605165567480,
    "end": 1605165567481,
    "duration": 1,
    "pid": 80422,
    "index": 9
  },
  {
    "name": "Require(6) node_modules/egg-watcher/config/config.default.js",
    "start": 1605165567481,
    "end": 1605165567481,
    "duration": 0,
    "pid": 80422,
    "index": 10
  },
  {
    "name": "Require(7) node_modules/egg-schedule/config/config.default.js",
    "start": 1605165567481,
    "end": 1605165567481,
    "duration": 0,
    "pid": 80422,
    "index": 11
  },
  {
    "name": "Require(8) node_modules/egg-multipart/config/config.default.js",
    "start": 1605165567482,
    "end": 1605165567482,
    "duration": 0,
    "pid": 80422,
    "index": 12
  },
  {
    "name": "Require(9) node_modules/egg-development/config/config.default.js",
    "start": 1605165567482,
    "end": 1605165567482,
    "duration": 0,
    "pid": 80422,
    "index": 13
  },
  {
    "name": "Require(10) node_modules/egg-logrotator/config/config.default.js",
    "start": 1605165567482,
    "end": 1605165567482,
    "duration": 0,
    "pid": 80422,
    "index": 14
  },
  {
    "name": "Require(11) node_modules/egg-static/config/config.default.js",
    "start": 1605165567483,
    "end": 1605165567483,
    "duration": 0,
    "pid": 80422,
    "index": 15
  },
  {
    "name": "Require(12) node_modules/egg-view/config/config.default.js",
    "start": 1605165567483,
    "end": 1605165567483,
    "duration": 0,
    "pid": 80422,
    "index": 16
  },
  {
    "name": "Require(13) node_modules/egg-validate/config/config.default.js",
    "start": 1605165567483,
    "end": 1605165567483,
    "duration": 0,
    "pid": 80422,
    "index": 17
  },
  {
    "name": "Require(14) node_modules/egg-view-ejs/config/config.default.js",
    "start": 1605165567483,
    "end": 1605165567484,
    "duration": 1,
    "pid": 80422,
    "index": 18
  },
  {
    "name": "Require(15) node_modules/egg-mysql/config/config.default.js",
    "start": 1605165567484,
    "end": 1605165567484,
    "duration": 0,
    "pid": 80422,
    "index": 19
  },
  {
    "name": "Require(16) node_modules/egg-sequelize/config/config.default.js",
    "start": 1605165567484,
    "end": 1605165567484,
    "duration": 0,
    "pid": 80422,
    "index": 20
  },
  {
    "name": "Require(17) node_modules/egg-jwt/config/config.default.js",
    "start": 1605165567485,
    "end": 1605165567485,
    "duration": 0,
    "pid": 80422,
    "index": 21
  },
  {
    "name": "Require(18) node_modules/egg-redis/config/config.default.js",
    "start": 1605165567485,
    "end": 1605165567485,
    "duration": 0,
    "pid": 80422,
    "index": 22
  },
  {
    "name": "Require(19) node_modules/egg/config/config.default.js",
    "start": 1605165567485,
    "end": 1605165567486,
    "duration": 1,
    "pid": 80422,
    "index": 23
  },
  {
    "name": "Require(20) config/config.default.js",
    "start": 1605165567487,
    "end": 1605165567487,
    "duration": 0,
    "pid": 80422,
    "index": 24
  },
  {
    "name": "Require(21) node_modules/egg-security/config/config.local.js",
    "start": 1605165567487,
    "end": 1605165567487,
    "duration": 0,
    "pid": 80422,
    "index": 25
  },
  {
    "name": "Require(22) node_modules/egg-watcher/config/config.local.js",
    "start": 1605165567487,
    "end": 1605165567487,
    "duration": 0,
    "pid": 80422,
    "index": 26
  },
  {
    "name": "Require(23) node_modules/egg-view/config/config.local.js",
    "start": 1605165567488,
    "end": 1605165567488,
    "duration": 0,
    "pid": 80422,
    "index": 27
  },
  {
    "name": "Require(24) node_modules/egg-view-ejs/config/config.local.js",
    "start": 1605165567488,
    "end": 1605165567488,
    "duration": 0,
    "pid": 80422,
    "index": 28
  },
  {
    "name": "Require(25) node_modules/egg/config/config.local.js",
    "start": 1605165567488,
    "end": 1605165567489,
    "duration": 1,
    "pid": 80422,
    "index": 29
  },
  {
    "name": "Load extend/application.js",
    "start": 1605165567489,
    "end": 1605165567507,
    "duration": 18,
    "pid": 80422,
    "index": 30
  },
  {
    "name": "Require(26) node_modules/egg-session/app/extend/application.js",
    "start": 1605165567489,
    "end": 1605165567490,
    "duration": 1,
    "pid": 80422,
    "index": 31
  },
  {
    "name": "Require(27) node_modules/egg-security/app/extend/application.js",
    "start": 1605165567490,
    "end": 1605165567490,
    "duration": 0,
    "pid": 80422,
    "index": 32
  },
  {
    "name": "Require(28) node_modules/egg-jsonp/app/extend/application.js",
    "start": 1605165567490,
    "end": 1605165567491,
    "duration": 1,
    "pid": 80422,
    "index": 33
  },
  {
    "name": "Require(29) node_modules/egg-logrotator/app/extend/application.js",
    "start": 1605165567491,
    "end": 1605165567492,
    "duration": 1,
    "pid": 80422,
    "index": 34
  },
  {
    "name": "Require(30) node_modules/egg-view/app/extend/application.js",
    "start": 1605165567492,
    "end": 1605165567492,
    "duration": 0,
    "pid": 80422,
    "index": 35
  },
  {
    "name": "Require(31) node_modules/egg-jwt/app/extend/application.js",
    "start": 1605165567492,
    "end": 1605165567505,
    "duration": 13,
    "pid": 80422,
    "index": 36
  },
  {
    "name": "Require(32) app/extend/application.js",
    "start": 1605165567505,
    "end": 1605165567506,
    "duration": 1,
    "pid": 80422,
    "index": 37
  },
  {
    "name": "Load extend/request.js",
    "start": 1605165567507,
    "end": 1605165567511,
    "duration": 4,
    "pid": 80422,
    "index": 38
  },
  {
    "name": "Require(33) node_modules/egg/app/extend/request.js",
    "start": 1605165567508,
    "end": 1605165567509,
    "duration": 1,
    "pid": 80422,
    "index": 39
  },
  {
    "name": "Require(34) app/extend/request.js",
    "start": 1605165567510,
    "end": 1605165567510,
    "duration": 0,
    "pid": 80422,
    "index": 40
  },
  {
    "name": "Load extend/response.js",
    "start": 1605165567511,
    "end": 1605165567513,
    "duration": 2,
    "pid": 80422,
    "index": 41
  },
  {
    "name": "Require(35) node_modules/egg/app/extend/response.js",
    "start": 1605165567512,
    "end": 1605165567512,
    "duration": 0,
    "pid": 80422,
    "index": 42
  },
  {
    "name": "Require(36) app/extend/response.js",
    "start": 1605165567512,
    "end": 1605165567512,
    "duration": 0,
    "pid": 80422,
    "index": 43
  },
  {
    "name": "Load extend/context.js",
    "start": 1605165567513,
    "end": 1605165567540,
    "duration": 27,
    "pid": 80422,
    "index": 44
  },
  {
    "name": "Require(37) node_modules/egg-security/app/extend/context.js",
    "start": 1605165567513,
    "end": 1605165567516,
    "duration": 3,
    "pid": 80422,
    "index": 45
  },
  {
    "name": "Require(38) node_modules/egg-jsonp/app/extend/context.js",
    "start": 1605165567516,
    "end": 1605165567517,
    "duration": 1,
    "pid": 80422,
    "index": 46
  },
  {
    "name": "Require(39) node_modules/egg-i18n/app/extend/context.js",
    "start": 1605165567517,
    "end": 1605165567517,
    "duration": 0,
    "pid": 80422,
    "index": 47
  },
  {
    "name": "Require(40) node_modules/egg-multipart/app/extend/context.js",
    "start": 1605165567517,
    "end": 1605165567536,
    "duration": 19,
    "pid": 80422,
    "index": 48
  },
  {
    "name": "Require(41) node_modules/egg-view/app/extend/context.js",
    "start": 1605165567537,
    "end": 1605165567537,
    "duration": 0,
    "pid": 80422,
    "index": 49
  },
  {
    "name": "Require(42) node_modules/egg-validate/app/extend/context.js",
    "start": 1605165567537,
    "end": 1605165567537,
    "duration": 0,
    "pid": 80422,
    "index": 50
  },
  {
    "name": "Require(43) lib/plugin/egg-info/app/extend/context.js",
    "start": 1605165567538,
    "end": 1605165567538,
    "duration": 0,
    "pid": 80422,
    "index": 51
  },
  {
    "name": "Require(44) node_modules/egg/app/extend/context.js",
    "start": 1605165567538,
    "end": 1605165567538,
    "duration": 0,
    "pid": 80422,
    "index": 52
  },
  {
    "name": "Require(45) app/extend/context.js",
    "start": 1605165567539,
    "end": 1605165567539,
    "duration": 0,
    "pid": 80422,
    "index": 53
  },
  {
    "name": "Load extend/helper.js",
    "start": 1605165567540,
    "end": 1605165567548,
    "duration": 8,
    "pid": 80422,
    "index": 54
  },
  {
    "name": "Require(46) node_modules/egg-security/app/extend/helper.js",
    "start": 1605165567540,
    "end": 1605165567545,
    "duration": 5,
    "pid": 80422,
    "index": 55
  },
  {
    "name": "Require(47) node_modules/egg/app/extend/helper.js",
    "start": 1605165567546,
    "end": 1605165567546,
    "duration": 0,
    "pid": 80422,
    "index": 56
  },
  {
    "name": "Require(48) app/extend/helper.js",
    "start": 1605165567547,
    "end": 1605165567547,
    "duration": 0,
    "pid": 80422,
    "index": 57
  },
  {
    "name": "Load app.js",
    "start": 1605165567548,
    "end": 1605165567568,
    "duration": 20,
    "pid": 80422,
    "index": 58
  },
  {
    "name": "Require(49) node_modules/egg-session/app.js",
    "start": 1605165567549,
    "end": 1605165567549,
    "duration": 0,
    "pid": 80422,
    "index": 59
  },
  {
    "name": "Require(50) node_modules/egg-security/app.js",
    "start": 1605165567549,
    "end": 1605165567549,
    "duration": 0,
    "pid": 80422,
    "index": 60
  },
  {
    "name": "Require(51) node_modules/egg-onerror/app.js",
    "start": 1605165567549,
    "end": 1605165567552,
    "duration": 3,
    "pid": 80422,
    "index": 61
  },
  {
    "name": "Require(52) node_modules/egg-i18n/app.js",
    "start": 1605165567552,
    "end": 1605165567558,
    "duration": 6,
    "pid": 80422,
    "index": 62
  },
  {
    "name": "Require(53) node_modules/egg-watcher/app.js",
    "start": 1605165567558,
    "end": 1605165567559,
    "duration": 1,
    "pid": 80422,
    "index": 63
  },
  {
    "name": "Require(54) node_modules/egg-schedule/app.js",
    "start": 1605165567559,
    "end": 1605165567559,
    "duration": 0,
    "pid": 80422,
    "index": 64
  },
  {
    "name": "Require(55) node_modules/egg-multipart/app.js",
    "start": 1605165567559,
    "end": 1605165567560,
    "duration": 1,
    "pid": 80422,
    "index": 65
  },
  {
    "name": "Require(56) node_modules/egg-development/app.js",
    "start": 1605165567560,
    "end": 1605165567560,
    "duration": 0,
    "pid": 80422,
    "index": 66
  },
  {
    "name": "Require(57) node_modules/egg-logrotator/app.js",
    "start": 1605165567560,
    "end": 1605165567560,
    "duration": 0,
    "pid": 80422,
    "index": 67
  },
  {
    "name": "Require(58) node_modules/egg-static/app.js",
    "start": 1605165567560,
    "end": 1605165567560,
    "duration": 0,
    "pid": 80422,
    "index": 68
  },
  {
    "name": "Require(59) node_modules/egg-validate/app.js",
    "start": 1605165567560,
    "end": 1605165567561,
    "duration": 1,
    "pid": 80422,
    "index": 69
  },
  {
    "name": "Require(60) node_modules/egg-view-ejs/app.js",
    "start": 1605165567561,
    "end": 1605165567561,
    "duration": 0,
    "pid": 80422,
    "index": 70
  },
  {
    "name": "Require(61) node_modules/egg-mysql/app.js",
    "start": 1605165567561,
    "end": 1605165567566,
    "duration": 5,
    "pid": 80422,
    "index": 71
  },
  {
    "name": "Require(62) node_modules/egg-sequelize/app.js",
    "start": 1605165567566,
    "end": 1605165567566,
    "duration": 0,
    "pid": 80422,
    "index": 72
  },
  {
    "name": "Require(63) node_modules/egg-jwt/app.js",
    "start": 1605165567567,
    "end": 1605165567567,
    "duration": 0,
    "pid": 80422,
    "index": 73
  },
  {
    "name": "Require(64) node_modules/egg-redis/app.js",
    "start": 1605165567567,
    "end": 1605165567567,
    "duration": 0,
    "pid": 80422,
    "index": 74
  },
  {
    "name": "Require(65) app.js",
    "start": 1605165567568,
    "end": 1605165567568,
    "duration": 0,
    "pid": 80422,
    "index": 75
  },
  {
    "name": "Before Start in node_modules/egg-watcher/lib/init.js:15:14",
    "start": 1605165567572,
    "end": 1605165567837,
    "duration": 265,
    "pid": 80422,
    "index": 76
  },
  {
    "name": "Before Start in node_modules/egg-mysql/lib/mysql.js:20:7",
    "start": 1605165567615,
    "end": 1605165567844,
    "duration": 229,
    "pid": 80422,
    "index": 77
  },
  {
    "name": "Load \"Symbol(model)\" to Application",
    "start": 1605165567735,
    "end": 1605165567742,
    "duration": 7,
    "pid": 80422,
    "index": 78
  },
  {
    "name": "Before Start in node_modules/egg-sequelize/lib/loader.js:39:7",
    "start": 1605165567744,
    "end": 1605165567862,
    "duration": 118,
    "pid": 80422,
    "index": 79
  },
  {
    "name": "Before Start in node_modules/egg-redis/lib/redis.js:53:7",
    "start": 1605165567767,
    "end": 1605165567835,
    "duration": 68,
    "pid": 80422,
    "index": 80
  },
  {
    "name": "Load Service",
    "start": 1605165567767,
    "end": 1605165567773,
    "duration": 6,
    "pid": 80422,
    "index": 81
  },
  {
    "name": "Load \"service\" to Context",
    "start": 1605165567767,
    "end": 1605165567773,
    "duration": 6,
    "pid": 80422,
    "index": 82
  },
  {
    "name": "Load Middleware",
    "start": 1605165567773,
    "end": 1605165567813,
    "duration": 40,
    "pid": 80422,
    "index": 83
  },
  {
    "name": "Load \"middlewares\" to Application",
    "start": 1605165567773,
    "end": 1605165567808,
    "duration": 35,
    "pid": 80422,
    "index": 84
  },
  {
    "name": "Load Controller",
    "start": 1605165567813,
    "end": 1605165567815,
    "duration": 2,
    "pid": 80422,
    "index": 85
  },
  {
    "name": "Load \"controller\" to Application",
    "start": 1605165567813,
    "end": 1605165567815,
    "duration": 2,
    "pid": 80422,
    "index": 86
  },
  {
    "name": "Load Router",
    "start": 1605165567815,
    "end": 1605165567817,
    "duration": 2,
    "pid": 80422,
    "index": 87
  },
  {
    "name": "Require(66) app/router.js",
    "start": 1605165567815,
    "end": 1605165567816,
    "duration": 1,
    "pid": 80422,
    "index": 88
  },
  {
    "name": "Before Start in node_modules/egg-core/lib/egg.js:303:10",
    "start": 1605165567816,
    "end": 1605165567827,
    "duration": 11,
    "pid": 80422,
    "index": 89
  }
]