[
  {
    "name": "Process Start",
    "start": 1605165870282,
    "end": 1605165870689,
    "duration": 407,
    "pid": 80521,
    "index": 0
  },
  {
    "name": "Application Start",
    "start": 1605165870690,
    "end": 1605165871127,
    "duration": 437,
    "pid": 80521,
    "index": 1
  },
  {
    "name": "Load Plugin",
    "start": 1605165870699,
    "end": 1605165870724,
    "duration": 25,
    "pid": 80521,
    "index": 2
  },
  {
    "name": "Load Config",
    "start": 1605165870725,
    "end": 1605165870736,
    "duration": 11,
    "pid": 80521,
    "index": 3
  },
  {
    "name": "Require(0) config/config.default.js",
    "start": 1605165870725,
    "end": 1605165870725,
    "duration": 0,
    "pid": 80521,
    "index": 4
  },
  {
    "name": "Require(1) node_modules/egg-session/config/config.default.js",
    "start": 1605165870726,
    "end": 1605165870726,
    "duration": 0,
    "pid": 80521,
    "index": 5
  },
  {
    "name": "Require(2) node_modules/egg-security/config/config.default.js",
    "start": 1605165870726,
    "end": 1605165870727,
    "duration": 1,
    "pid": 80521,
    "index": 6
  },
  {
    "name": "Require(3) node_modules/egg-jsonp/config/config.default.js",
    "start": 1605165870727,
    "end": 1605165870727,
    "duration": 0,
    "pid": 80521,
    "index": 7
  },
  {
    "name": "Require(4) node_modules/egg-onerror/config/config.default.js",
    "start": 1605165870727,
    "end": 1605165870728,
    "duration": 1,
    "pid": 80521,
    "index": 8
  },
  {
    "name": "Require(5) node_modules/egg-i18n/config/config.default.js",
    "start": 1605165870728,
    "end": 1605165870728,
    "duration": 0,
    "pid": 80521,
    "index": 9
  },
  {
    "name": "Require(6) node_modules/egg-watcher/config/config.default.js",
    "start": 1605165870728,
    "end": 1605165870728,
    "duration": 0,
    "pid": 80521,
    "index": 10
  },
  {
    "name": "Require(7) node_modules/egg-schedule/config/config.default.js",
    "start": 1605165870729,
    "end": 1605165870729,
    "duration": 0,
    "pid": 80521,
    "index": 11
  },
  {
    "name": "Require(8) node_modules/egg-multipart/config/config.default.js",
    "start": 1605165870729,
    "end": 1605165870729,
    "duration": 0,
    "pid": 80521,
    "index": 12
  },
  {
    "name": "Require(9) node_modules/egg-development/config/config.default.js",
    "start": 1605165870729,
    "end": 1605165870729,
    "duration": 0,
    "pid": 80521,
    "index": 13
  },
  {
    "name": "Require(10) node_modules/egg-logrotator/config/config.default.js",
    "start": 1605165870730,
    "end": 1605165870730,
    "duration": 0,
    "pid": 80521,
    "index": 14
  },
  {
    "name": "Require(11) node_modules/egg-static/config/config.default.js",
    "start": 1605165870730,
    "end": 1605165870730,
    "duration": 0,
    "pid": 80521,
    "index": 15
  },
  {
    "name": "Require(12) node_modules/egg-view/config/config.default.js",
    "start": 1605165870730,
    "end": 1605165870731,
    "duration": 1,
    "pid": 80521,
    "index": 16
  },
  {
    "name": "Require(13) node_modules/egg-validate/config/config.default.js",
    "start": 1605165870731,
    "end": 1605165870731,
    "duration": 0,
    "pid": 80521,
    "index": 17
  },
  {
    "name": "Require(14) node_modules/egg-view-ejs/config/config.default.js",
    "start": 1605165870731,
    "end": 1605165870731,
    "duration": 0,
    "pid": 80521,
    "index": 18
  },
  {
    "name": "Require(15) node_modules/egg-mysql/config/config.default.js",
    "start": 1605165870732,
    "end": 1605165870732,
    "duration": 0,
    "pid": 80521,
    "index": 19
  },
  {
    "name": "Require(16) node_modules/egg-sequelize/config/config.default.js",
    "start": 1605165870732,
    "end": 1605165870732,
    "duration": 0,
    "pid": 80521,
    "index": 20
  },
  {
    "name": "Require(17) node_modules/egg-jwt/config/config.default.js",
    "start": 1605165870732,
    "end": 1605165870732,
    "duration": 0,
    "pid": 80521,
    "index": 21
  },
  {
    "name": "Require(18) node_modules/egg-redis/config/config.default.js",
    "start": 1605165870732,
    "end": 1605165870733,
    "duration": 1,
    "pid": 80521,
    "index": 22
  },
  {
    "name": "Require(19) node_modules/egg/config/config.default.js",
    "start": 1605165870733,
    "end": 1605165870733,
    "duration": 0,
    "pid": 80521,
    "index": 23
  },
  {
    "name": "Require(20) config/config.default.js",
    "start": 1605165870734,
    "end": 1605165870734,
    "duration": 0,
    "pid": 80521,
    "index": 24
  },
  {
    "name": "Require(21) node_modules/egg-security/config/config.local.js",
    "start": 1605165870734,
    "end": 1605165870734,
    "duration": 0,
    "pid": 80521,
    "index": 25
  },
  {
    "name": "Require(22) node_modules/egg-watcher/config/config.local.js",
    "start": 1605165870735,
    "end": 1605165870735,
    "duration": 0,
    "pid": 80521,
    "index": 26
  },
  {
    "name": "Require(23) node_modules/egg-view/config/config.local.js",
    "start": 1605165870735,
    "end": 1605165870735,
    "duration": 0,
    "pid": 80521,
    "index": 27
  },
  {
    "name": "Require(24) node_modules/egg-view-ejs/config/config.local.js",
    "start": 1605165870735,
    "end": 1605165870735,
    "duration": 0,
    "pid": 80521,
    "index": 28
  },
  {
    "name": "Require(25) node_modules/egg/config/config.local.js",
    "start": 1605165870736,
    "end": 1605165870736,
    "duration": 0,
    "pid": 80521,
    "index": 29
  },
  {
    "name": "Load extend/application.js",
    "start": 1605165870737,
    "end": 1605165870754,
    "duration": 17,
    "pid": 80521,
    "index": 30
  },
  {
    "name": "Require(26) node_modules/egg-session/app/extend/application.js",
    "start": 1605165870737,
    "end": 1605165870737,
    "duration": 0,
    "pid": 80521,
    "index": 31
  },
  {
    "name": "Require(27) node_modules/egg-security/app/extend/application.js",
    "start": 1605165870737,
    "end": 1605165870738,
    "duration": 1,
    "pid": 80521,
    "index": 32
  },
  {
    "name": "Require(28) node_modules/egg-jsonp/app/extend/application.js",
    "start": 1605165870738,
    "end": 1605165870738,
    "duration": 0,
    "pid": 80521,
    "index": 33
  },
  {
    "name": "Require(29) node_modules/egg-logrotator/app/extend/application.js",
    "start": 1605165870739,
    "end": 1605165870739,
    "duration": 0,
    "pid": 80521,
    "index": 34
  },
  {
    "name": "Require(30) node_modules/egg-view/app/extend/application.js",
    "start": 1605165870739,
    "end": 1605165870740,
    "duration": 1,
    "pid": 80521,
    "index": 35
  },
  {
    "name": "Require(31) node_modules/egg-jwt/app/extend/application.js",
    "start": 1605165870740,
    "end": 1605165870753,
    "duration": 13,
    "pid": 80521,
    "index": 36
  },
  {
    "name": "Require(32) app/extend/application.js",
    "start": 1605165870753,
    "end": 1605165870753,
    "duration": 0,
    "pid": 80521,
    "index": 37
  },
  {
    "name": "Load extend/request.js",
    "start": 1605165870754,
    "end": 1605165870759,
    "duration": 5,
    "pid": 80521,
    "index": 38
  },
  {
    "name": "Require(33) node_modules/egg/app/extend/request.js",
    "start": 1605165870757,
    "end": 1605165870757,
    "duration": 0,
    "pid": 80521,
    "index": 39
  },
  {
    "name": "Require(34) app/extend/request.js",
    "start": 1605165870757,
    "end": 1605165870758,
    "duration": 1,
    "pid": 80521,
    "index": 40
  },
  {
    "name": "Load extend/response.js",
    "start": 1605165870759,
    "end": 1605165870762,
    "duration": 3,
    "pid": 80521,
    "index": 41
  },
  {
    "name": "Require(35) node_modules/egg/app/extend/response.js",
    "start": 1605165870760,
    "end": 1605165870760,
    "duration": 0,
    "pid": 80521,
    "index": 42
  },
  {
    "name": "Require(36) app/extend/response.js",
    "start": 1605165870760,
    "end": 1605165870760,
    "duration": 0,
    "pid": 80521,
    "index": 43
  },
  {
    "name": "Load extend/context.js",
    "start": 1605165870762,
    "end": 1605165870788,
    "duration": 26,
    "pid": 80521,
    "index": 44
  },
  {
    "name": "Require(37) node_modules/egg-security/app/extend/context.js",
    "start": 1605165870762,
    "end": 1605165870765,
    "duration": 3,
    "pid": 80521,
    "index": 45
  },
  {
    "name": "Require(38) node_modules/egg-jsonp/app/extend/context.js",
    "start": 1605165870765,
    "end": 1605165870765,
    "duration": 0,
    "pid": 80521,
    "index": 46
  },
  {
    "name": "Require(39) node_modules/egg-i18n/app/extend/context.js",
    "start": 1605165870766,
    "end": 1605165870766,
    "duration": 0,
    "pid": 80521,
    "index": 47
  },
  {
    "name": "Require(40) node_modules/egg-multipart/app/extend/context.js",
    "start": 1605165870766,
    "end": 1605165870785,
    "duration": 19,
    "pid": 80521,
    "index": 48
  },
  {
    "name": "Require(41) node_modules/egg-view/app/extend/context.js",
    "start": 1605165870785,
    "end": 1605165870786,
    "duration": 1,
    "pid": 80521,
    "index": 49
  },
  {
    "name": "Require(42) node_modules/egg-validate/app/extend/context.js",
    "start": 1605165870786,
    "end": 1605165870786,
    "duration": 0,
    "pid": 80521,
    "index": 50
  },
  {
    "name": "Require(43) lib/plugin/egg-info/app/extend/context.js",
    "start": 1605165870786,
    "end": 1605165870786,
    "duration": 0,
    "pid": 80521,
    "index": 51
  },
  {
    "name": "Require(44) node_modules/egg/app/extend/context.js",
    "start": 1605165870787,
    "end": 1605165870787,
    "duration": 0,
    "pid": 80521,
    "index": 52
  },
  {
    "name": "Require(45) app/extend/context.js",
    "start": 1605165870787,
    "end": 1605165870787,
    "duration": 0,
    "pid": 80521,
    "index": 53
  },
  {
    "name": "Load extend/helper.js",
    "start": 1605165870789,
    "end": 1605165870797,
    "duration": 8,
    "pid": 80521,
    "index": 54
  },
  {
    "name": "Require(46) node_modules/egg-security/app/extend/helper.js",
    "start": 1605165870789,
    "end": 1605165870795,
    "duration": 6,
    "pid": 80521,
    "index": 55
  },
  {
    "name": "Require(47) node_modules/egg/app/extend/helper.js",
    "start": 1605165870795,
    "end": 1605165870796,
    "duration": 1,
    "pid": 80521,
    "index": 56
  },
  {
    "name": "Require(48) app/extend/helper.js",
    "start": 1605165870796,
    "end": 1605165870796,
    "duration": 0,
    "pid": 80521,
    "index": 57
  },
  {
    "name": "Load app.js",
    "start": 1605165870798,
    "end": 1605165870818,
    "duration": 20,
    "pid": 80521,
    "index": 58
  },
  {
    "name": "Require(49) node_modules/egg-session/app.js",
    "start": 1605165870798,
    "end": 1605165870798,
    "duration": 0,
    "pid": 80521,
    "index": 59
  },
  {
    "name": "Require(50) node_modules/egg-security/app.js",
    "start": 1605165870798,
    "end": 1605165870798,
    "duration": 0,
    "pid": 80521,
    "index": 60
  },
  {
    "name": "Require(51) node_modules/egg-onerror/app.js",
    "start": 1605165870799,
    "end": 1605165870801,
    "duration": 2,
    "pid": 80521,
    "index": 61
  },
  {
    "name": "Require(52) node_modules/egg-i18n/app.js",
    "start": 1605165870801,
    "end": 1605165870807,
    "duration": 6,
    "pid": 80521,
    "index": 62
  },
  {
    "name": "Require(53) node_modules/egg-watcher/app.js",
    "start": 1605165870807,
    "end": 1605165870808,
    "duration": 1,
    "pid": 80521,
    "index": 63
  },
  {
    "name": "Require(54) node_modules/egg-schedule/app.js",
    "start": 1605165870808,
    "end": 1605165870809,
    "duration": 1,
    "pid": 80521,
    "index": 64
  },
  {
    "name": "Require(55) node_modules/egg-multipart/app.js",
    "start": 1605165870809,
    "end": 1605165870809,
    "duration": 0,
    "pid": 80521,
    "index": 65
  },
  {
    "name": "Require(56) node_modules/egg-development/app.js",
    "start": 1605165870809,
    "end": 1605165870809,
    "duration": 0,
    "pid": 80521,
    "index": 66
  },
  {
    "name": "Require(57) node_modules/egg-logrotator/app.js",
    "start": 1605165870809,
    "end": 1605165870809,
    "duration": 0,
    "pid": 80521,
    "index": 67
  },
  {
    "name": "Require(58) node_modules/egg-static/app.js",
    "start": 1605165870810,
    "end": 1605165870810,
    "duration": 0,
    "pid": 80521,
    "index": 68
  },
  {
    "name": "Require(59) node_modules/egg-validate/app.js",
    "start": 1605165870810,
    "end": 1605165870810,
    "duration": 0,
    "pid": 80521,
    "index": 69
  },
  {
    "name": "Require(60) node_modules/egg-view-ejs/app.js",
    "start": 1605165870811,
    "end": 1605165870811,
    "duration": 0,
    "pid": 80521,
    "index": 70
  },
  {
    "name": "Require(61) node_modules/egg-mysql/app.js",
    "start": 1605165870811,
    "end": 1605165870816,
    "duration": 5,
    "pid": 80521,
    "index": 71
  },
  {
    "name": "Require(62) node_modules/egg-sequelize/app.js",
    "start": 1605165870816,
    "end": 1605165870816,
    "duration": 0,
    "pid": 80521,
    "index": 72
  },
  {
    "name": "Require(63) node_modules/egg-jwt/app.js",
    "start": 1605165870816,
    "end": 1605165870816,
    "duration": 0,
    "pid": 80521,
    "index": 73
  },
  {
    "name": "Require(64) node_modules/egg-redis/app.js",
    "start": 1605165870816,
    "end": 1605165870817,
    "duration": 1,
    "pid": 80521,
    "index": 74
  },
  {
    "name": "Require(65) app.js",
    "start": 1605165870817,
    "end": 1605165870817,
    "duration": 0,
    "pid": 80521,
    "index": 75
  },
  {
    "name": "Before Start in node_modules/egg-watcher/lib/init.js:15:14",
    "start": 1605165870822,
    "end": 1605165871100,
    "duration": 278,
    "pid": 80521,
    "index": 76
  },
  {
    "name": "Before Start in node_modules/egg-mysql/lib/mysql.js:20:7",
    "start": 1605165870865,
    "end": 1605165871108,
    "duration": 243,
    "pid": 80521,
    "index": 77
  },
  {
    "name": "Load \"Symbol(model)\" to Application",
    "start": 1605165870985,
    "end": 1605165870993,
    "duration": 8,
    "pid": 80521,
    "index": 78
  },
  {
    "name": "Before Start in node_modules/egg-sequelize/lib/loader.js:39:7",
    "start": 1605165870995,
    "end": 1605165871127,
    "duration": 132,
    "pid": 80521,
    "index": 79
  },
  {
    "name": "Before Start in node_modules/egg-redis/lib/redis.js:53:7",
    "start": 1605165871018,
    "end": 1605165871098,
    "duration": 80,
    "pid": 80521,
    "index": 80
  },
  {
    "name": "Load Service",
    "start": 1605165871019,
    "end": 1605165871025,
    "duration": 6,
    "pid": 80521,
    "index": 81
  },
  {
    "name": "Load \"service\" to Context",
    "start": 1605165871019,
    "end": 1605165871025,
    "duration": 6,
    "pid": 80521,
    "index": 82
  },
  {
    "name": "Load Middleware",
    "start": 1605165871025,
    "end": 1605165871075,
    "duration": 50,
    "pid": 80521,
    "index": 83
  },
  {
    "name": "Load \"middlewares\" to Application",
    "start": 1605165871025,
    "end": 1605165871069,
    "duration": 44,
    "pid": 80521,
    "index": 84
  },
  {
    "name": "Load Controller",
    "start": 1605165871075,
    "end": 1605165871077,
    "duration": 2,
    "pid": 80521,
    "index": 85
  },
  {
    "name": "Load \"controller\" to Application",
    "start": 1605165871075,
    "end": 1605165871077,
    "duration": 2,
    "pid": 80521,
    "index": 86
  },
  {
    "name": "Load Router",
    "start": 1605165871077,
    "end": 1605165871079,
    "duration": 2,
    "pid": 80521,
    "index": 87
  },
  {
    "name": "Require(66) app/router.js",
    "start": 1605165871077,
    "end": 1605165871078,
    "duration": 1,
    "pid": 80521,
    "index": 88
  },
  {
    "name": "Before Start in node_modules/egg-core/lib/egg.js:303:10",
    "start": 1605165871078,
    "end": 1605165871090,
    "duration": 12,
    "pid": 80521,
    "index": 89
  }
]