[
  {
    "name": "Process Start",
    "start": 1605145547351,
    "end": 1605145547776,
    "duration": 425,
    "pid": 71823,
    "index": 0
  },
  {
    "name": "Application Start",
    "start": 1605145547776,
    "end": 1605145548224,
    "duration": 448,
    "pid": 71823,
    "index": 1
  },
  {
    "name": "Load Plugin",
    "start": 1605145547779,
    "end": 1605145547807,
    "duration": 28,
    "pid": 71823,
    "index": 2
  },
  {
    "name": "Load Config",
    "start": 1605145547807,
    "end": 1605145547820,
    "duration": 13,
    "pid": 71823,
    "index": 3
  },
  {
    "name": "Require(0) config/config.default.js",
    "start": 1605145547807,
    "end": 1605145547807,
    "duration": 0,
    "pid": 71823,
    "index": 4
  },
  {
    "name": "Require(1) node_modules/egg-session/config/config.default.js",
    "start": 1605145547808,
    "end": 1605145547809,
    "duration": 1,
    "pid": 71823,
    "index": 5
  },
  {
    "name": "Require(2) node_modules/egg-security/config/config.default.js",
    "start": 1605145547809,
    "end": 1605145547809,
    "duration": 0,
    "pid": 71823,
    "index": 6
  },
  {
    "name": "Require(3) node_modules/egg-jsonp/config/config.default.js",
    "start": 1605145547810,
    "end": 1605145547810,
    "duration": 0,
    "pid": 71823,
    "index": 7
  },
  {
    "name": "Require(4) node_modules/egg-onerror/config/config.default.js",
    "start": 1605145547811,
    "end": 1605145547811,
    "duration": 0,
    "pid": 71823,
    "index": 8
  },
  {
    "name": "Require(5) node_modules/egg-i18n/config/config.default.js",
    "start": 1605145547811,
    "end": 1605145547811,
    "duration": 0,
    "pid": 71823,
    "index": 9
  },
  {
    "name": "Require(6) node_modules/egg-watcher/config/config.default.js",
    "start": 1605145547811,
    "end": 1605145547812,
    "duration": 1,
    "pid": 71823,
    "index": 10
  },
  {
    "name": "Require(7) node_modules/egg-schedule/config/config.default.js",
    "start": 1605145547812,
    "end": 1605145547812,
    "duration": 0,
    "pid": 71823,
    "index": 11
  },
  {
    "name": "Require(8) node_modules/egg-multipart/config/config.default.js",
    "start": 1605145547812,
    "end": 1605145547812,
    "duration": 0,
    "pid": 71823,
    "index": 12
  },
  {
    "name": "Require(9) node_modules/egg-development/config/config.default.js",
    "start": 1605145547813,
    "end": 1605145547813,
    "duration": 0,
    "pid": 71823,
    "index": 13
  },
  {
    "name": "Require(10) node_modules/egg-logrotator/config/config.default.js",
    "start": 1605145547813,
    "end": 1605145547813,
    "duration": 0,
    "pid": 71823,
    "index": 14
  },
  {
    "name": "Require(11) node_modules/egg-static/config/config.default.js",
    "start": 1605145547813,
    "end": 1605145547813,
    "duration": 0,
    "pid": 71823,
    "index": 15
  },
  {
    "name": "Require(12) node_modules/egg-view/config/config.default.js",
    "start": 1605145547814,
    "end": 1605145547814,
    "duration": 0,
    "pid": 71823,
    "index": 16
  },
  {
    "name": "Require(13) node_modules/egg-validate/config/config.default.js",
    "start": 1605145547814,
    "end": 1605145547814,
    "duration": 0,
    "pid": 71823,
    "index": 17
  },
  {
    "name": "Require(14) node_modules/egg-view-ejs/config/config.default.js",
    "start": 1605145547814,
    "end": 1605145547814,
    "duration": 0,
    "pid": 71823,
    "index": 18
  },
  {
    "name": "Require(15) node_modules/egg-mysql/config/config.default.js",
    "start": 1605145547815,
    "end": 1605145547815,
    "duration": 0,
    "pid": 71823,
    "index": 19
  },
  {
    "name": "Require(16) node_modules/egg-sequelize/config/config.default.js",
    "start": 1605145547815,
    "end": 1605145547815,
    "duration": 0,
    "pid": 71823,
    "index": 20
  },
  {
    "name": "Require(17) node_modules/egg-jwt/config/config.default.js",
    "start": 1605145547815,
    "end": 1605145547816,
    "duration": 1,
    "pid": 71823,
    "index": 21
  },
  {
    "name": "Require(18) node_modules/egg-redis/config/config.default.js",
    "start": 1605145547816,
    "end": 1605145547816,
    "duration": 0,
    "pid": 71823,
    "index": 22
  },
  {
    "name": "Require(19) node_modules/egg/config/config.default.js",
    "start": 1605145547816,
    "end": 1605145547817,
    "duration": 1,
    "pid": 71823,
    "index": 23
  },
  {
    "name": "Require(20) config/config.default.js",
    "start": 1605145547817,
    "end": 1605145547817,
    "duration": 0,
    "pid": 71823,
    "index": 24
  },
  {
    "name": "Require(21) node_modules/egg-security/config/config.local.js",
    "start": 1605145547818,
    "end": 1605145547818,
    "duration": 0,
    "pid": 71823,
    "index": 25
  },
  {
    "name": "Require(22) node_modules/egg-watcher/config/config.local.js",
    "start": 1605145547818,
    "end": 1605145547819,
    "duration": 1,
    "pid": 71823,
    "index": 26
  },
  {
    "name": "Require(23) node_modules/egg-view/config/config.local.js",
    "start": 1605145547819,
    "end": 1605145547819,
    "duration": 0,
    "pid": 71823,
    "index": 27
  },
  {
    "name": "Require(24) node_modules/egg-view-ejs/config/config.local.js",
    "start": 1605145547819,
    "end": 1605145547819,
    "duration": 0,
    "pid": 71823,
    "index": 28
  },
  {
    "name": "Require(25) node_modules/egg/config/config.local.js",
    "start": 1605145547820,
    "end": 1605145547820,
    "duration": 0,
    "pid": 71823,
    "index": 29
  },
  {
    "name": "Load extend/application.js",
    "start": 1605145547821,
    "end": 1605145547842,
    "duration": 21,
    "pid": 71823,
    "index": 30
  },
  {
    "name": "Require(26) node_modules/egg-session/app/extend/application.js",
    "start": 1605145547821,
    "end": 1605145547821,
    "duration": 0,
    "pid": 71823,
    "index": 31
  },
  {
    "name": "Require(27) node_modules/egg-security/app/extend/application.js",
    "start": 1605145547821,
    "end": 1605145547821,
    "duration": 0,
    "pid": 71823,
    "index": 32
  },
  {
    "name": "Require(28) node_modules/egg-jsonp/app/extend/application.js",
    "start": 1605145547822,
    "end": 1605145547822,
    "duration": 0,
    "pid": 71823,
    "index": 33
  },
  {
    "name": "Require(29) node_modules/egg-logrotator/app/extend/application.js",
    "start": 1605145547823,
    "end": 1605145547823,
    "duration": 0,
    "pid": 71823,
    "index": 34
  },
  {
    "name": "Require(30) node_modules/egg-view/app/extend/application.js",
    "start": 1605145547823,
    "end": 1605145547824,
    "duration": 1,
    "pid": 71823,
    "index": 35
  },
  {
    "name": "Require(31) node_modules/egg-jwt/app/extend/application.js",
    "start": 1605145547824,
    "end": 1605145547840,
    "duration": 16,
    "pid": 71823,
    "index": 36
  },
  {
    "name": "Require(32) app/extend/application.js",
    "start": 1605145547841,
    "end": 1605145547841,
    "duration": 0,
    "pid": 71823,
    "index": 37
  },
  {
    "name": "Load extend/request.js",
    "start": 1605145547842,
    "end": 1605145547847,
    "duration": 5,
    "pid": 71823,
    "index": 38
  },
  {
    "name": "Require(33) node_modules/egg/app/extend/request.js",
    "start": 1605145547845,
    "end": 1605145547845,
    "duration": 0,
    "pid": 71823,
    "index": 39
  },
  {
    "name": "Require(34) app/extend/request.js",
    "start": 1605145547846,
    "end": 1605145547846,
    "duration": 0,
    "pid": 71823,
    "index": 40
  },
  {
    "name": "Load extend/response.js",
    "start": 1605145547847,
    "end": 1605145547850,
    "duration": 3,
    "pid": 71823,
    "index": 41
  },
  {
    "name": "Require(35) node_modules/egg/app/extend/response.js",
    "start": 1605145547848,
    "end": 1605145547848,
    "duration": 0,
    "pid": 71823,
    "index": 42
  },
  {
    "name": "Require(36) app/extend/response.js",
    "start": 1605145547848,
    "end": 1605145547848,
    "duration": 0,
    "pid": 71823,
    "index": 43
  },
  {
    "name": "Load extend/context.js",
    "start": 1605145547850,
    "end": 1605145547879,
    "duration": 29,
    "pid": 71823,
    "index": 44
  },
  {
    "name": "Require(37) node_modules/egg-security/app/extend/context.js",
    "start": 1605145547850,
    "end": 1605145547853,
    "duration": 3,
    "pid": 71823,
    "index": 45
  },
  {
    "name": "Require(38) node_modules/egg-jsonp/app/extend/context.js",
    "start": 1605145547853,
    "end": 1605145547854,
    "duration": 1,
    "pid": 71823,
    "index": 46
  },
  {
    "name": "Require(39) node_modules/egg-i18n/app/extend/context.js",
    "start": 1605145547854,
    "end": 1605145547854,
    "duration": 0,
    "pid": 71823,
    "index": 47
  },
  {
    "name": "Require(40) node_modules/egg-multipart/app/extend/context.js",
    "start": 1605145547854,
    "end": 1605145547875,
    "duration": 21,
    "pid": 71823,
    "index": 48
  },
  {
    "name": "Require(41) node_modules/egg-view/app/extend/context.js",
    "start": 1605145547875,
    "end": 1605145547876,
    "duration": 1,
    "pid": 71823,
    "index": 49
  },
  {
    "name": "Require(42) node_modules/egg-validate/app/extend/context.js",
    "start": 1605145547876,
    "end": 1605145547877,
    "duration": 1,
    "pid": 71823,
    "index": 50
  },
  {
    "name": "Require(43) lib/plugin/egg-info/app/extend/context.js",
    "start": 1605145547877,
    "end": 1605145547877,
    "duration": 0,
    "pid": 71823,
    "index": 51
  },
  {
    "name": "Require(44) node_modules/egg/app/extend/context.js",
    "start": 1605145547877,
    "end": 1605145547878,
    "duration": 1,
    "pid": 71823,
    "index": 52
  },
  {
    "name": "Require(45) app/extend/context.js",
    "start": 1605145547878,
    "end": 1605145547878,
    "duration": 0,
    "pid": 71823,
    "index": 53
  },
  {
    "name": "Load extend/helper.js",
    "start": 1605145547879,
    "end": 1605145547888,
    "duration": 9,
    "pid": 71823,
    "index": 54
  },
  {
    "name": "Require(46) node_modules/egg-security/app/extend/helper.js",
    "start": 1605145547879,
    "end": 1605145547885,
    "duration": 6,
    "pid": 71823,
    "index": 55
  },
  {
    "name": "Require(47) node_modules/egg/app/extend/helper.js",
    "start": 1605145547886,
    "end": 1605145547886,
    "duration": 0,
    "pid": 71823,
    "index": 56
  },
  {
    "name": "Require(48) app/extend/helper.js",
    "start": 1605145547886,
    "end": 1605145547887,
    "duration": 1,
    "pid": 71823,
    "index": 57
  },
  {
    "name": "Load app.js",
    "start": 1605145547888,
    "end": 1605145547910,
    "duration": 22,
    "pid": 71823,
    "index": 58
  },
  {
    "name": "Require(49) node_modules/egg-session/app.js",
    "start": 1605145547888,
    "end": 1605145547888,
    "duration": 0,
    "pid": 71823,
    "index": 59
  },
  {
    "name": "Require(50) node_modules/egg-security/app.js",
    "start": 1605145547888,
    "end": 1605145547889,
    "duration": 1,
    "pid": 71823,
    "index": 60
  },
  {
    "name": "Require(51) node_modules/egg-onerror/app.js",
    "start": 1605145547889,
    "end": 1605145547892,
    "duration": 3,
    "pid": 71823,
    "index": 61
  },
  {
    "name": "Require(52) node_modules/egg-i18n/app.js",
    "start": 1605145547892,
    "end": 1605145547898,
    "duration": 6,
    "pid": 71823,
    "index": 62
  },
  {
    "name": "Require(53) node_modules/egg-watcher/app.js",
    "start": 1605145547898,
    "end": 1605145547899,
    "duration": 1,
    "pid": 71823,
    "index": 63
  },
  {
    "name": "Require(54) node_modules/egg-schedule/app.js",
    "start": 1605145547900,
    "end": 1605145547900,
    "duration": 0,
    "pid": 71823,
    "index": 64
  },
  {
    "name": "Require(55) node_modules/egg-multipart/app.js",
    "start": 1605145547900,
    "end": 1605145547900,
    "duration": 0,
    "pid": 71823,
    "index": 65
  },
  {
    "name": "Require(56) node_modules/egg-development/app.js",
    "start": 1605145547901,
    "end": 1605145547901,
    "duration": 0,
    "pid": 71823,
    "index": 66
  },
  {
    "name": "Require(57) node_modules/egg-logrotator/app.js",
    "start": 1605145547901,
    "end": 1605145547901,
    "duration": 0,
    "pid": 71823,
    "index": 67
  },
  {
    "name": "Require(58) node_modules/egg-static/app.js",
    "start": 1605145547901,
    "end": 1605145547901,
    "duration": 0,
    "pid": 71823,
    "index": 68
  },
  {
    "name": "Require(59) node_modules/egg-validate/app.js",
    "start": 1605145547901,
    "end": 1605145547902,
    "duration": 1,
    "pid": 71823,
    "index": 69
  },
  {
    "name": "Require(60) node_modules/egg-view-ejs/app.js",
    "start": 1605145547902,
    "end": 1605145547902,
    "duration": 0,
    "pid": 71823,
    "index": 70
  },
  {
    "name": "Require(61) node_modules/egg-mysql/app.js",
    "start": 1605145547902,
    "end": 1605145547908,
    "duration": 6,
    "pid": 71823,
    "index": 71
  },
  {
    "name": "Require(62) node_modules/egg-sequelize/app.js",
    "start": 1605145547908,
    "end": 1605145547908,
    "duration": 0,
    "pid": 71823,
    "index": 72
  },
  {
    "name": "Require(63) node_modules/egg-jwt/app.js",
    "start": 1605145547908,
    "end": 1605145547908,
    "duration": 0,
    "pid": 71823,
    "index": 73
  },
  {
    "name": "Require(64) node_modules/egg-redis/app.js",
    "start": 1605145547909,
    "end": 1605145547909,
    "duration": 0,
    "pid": 71823,
    "index": 74
  },
  {
    "name": "Require(65) app.js",
    "start": 1605145547909,
    "end": 1605145547910,
    "duration": 1,
    "pid": 71823,
    "index": 75
  },
  {
    "name": "Before Start in node_modules/egg-watcher/lib/init.js:15:14",
    "start": 1605145547916,
    "end": 1605145548197,
    "duration": 281,
    "pid": 71823,
    "index": 76
  },
  {
    "name": "Before Start in node_modules/egg-mysql/lib/mysql.js:20:7",
    "start": 1605145547959,
    "end": 1605145548204,
    "duration": 245,
    "pid": 71823,
    "index": 77
  },
  {
    "name": "Load \"Symbol(model)\" to Application",
    "start": 1605145548086,
    "end": 1605145548094,
    "duration": 8,
    "pid": 71823,
    "index": 78
  },
  {
    "name": "Before Start in node_modules/egg-sequelize/lib/loader.js:39:7",
    "start": 1605145548097,
    "end": 1605145548224,
    "duration": 127,
    "pid": 71823,
    "index": 79
  },
  {
    "name": "Before Start in node_modules/egg-redis/lib/redis.js:53:7",
    "start": 1605145548121,
    "end": 1605145548194,
    "duration": 73,
    "pid": 71823,
    "index": 80
  },
  {
    "name": "Load Service",
    "start": 1605145548121,
    "end": 1605145548127,
    "duration": 6,
    "pid": 71823,
    "index": 81
  },
  {
    "name": "Load \"service\" to Context",
    "start": 1605145548121,
    "end": 1605145548127,
    "duration": 6,
    "pid": 71823,
    "index": 82
  },
  {
    "name": "Load Middleware",
    "start": 1605145548127,
    "end": 1605145548168,
    "duration": 41,
    "pid": 71823,
    "index": 83
  },
  {
    "name": "Load \"middlewares\" to Application",
    "start": 1605145548127,
    "end": 1605145548162,
    "duration": 35,
    "pid": 71823,
    "index": 84
  },
  {
    "name": "Load Controller",
    "start": 1605145548168,
    "end": 1605145548170,
    "duration": 2,
    "pid": 71823,
    "index": 85
  },
  {
    "name": "Load \"controller\" to Application",
    "start": 1605145548168,
    "end": 1605145548170,
    "duration": 2,
    "pid": 71823,
    "index": 86
  },
  {
    "name": "Load Router",
    "start": 1605145548170,
    "end": 1605145548172,
    "duration": 2,
    "pid": 71823,
    "index": 87
  },
  {
    "name": "Require(66) app/router.js",
    "start": 1605145548171,
    "end": 1605145548171,
    "duration": 0,
    "pid": 71823,
    "index": 88
  },
  {
    "name": "Before Start in node_modules/egg-core/lib/egg.js:303:10",
    "start": 1605145548171,
    "end": 1605145548182,
    "duration": 11,
    "pid": 71823,
    "index": 89
  }
]