[
  {
    "name": "Process Start",
    "start": 1605145495305,
    "end": 1605145496102,
    "duration": 797,
    "pid": 71673,
    "index": 0
  },
  {
    "name": "Application Start",
    "start": 1605145496102,
    "end": 1605145496857,
    "duration": 755,
    "pid": 71673,
    "index": 1
  },
  {
    "name": "Load Plugin",
    "start": 1605145496108,
    "end": 1605145496122,
    "duration": 14,
    "pid": 71673,
    "index": 2
  },
  {
    "name": "Load Config",
    "start": 1605145496123,
    "end": 1605145496145,
    "duration": 22,
    "pid": 71673,
    "index": 3
  },
  {
    "name": "Require(0) config/config.default.js",
    "start": 1605145496123,
    "end": 1605145496123,
    "duration": 0,
    "pid": 71673,
    "index": 4
  },
  {
    "name": "Require(1) node_modules/egg-session/config/config.default.js",
    "start": 1605145496124,
    "end": 1605145496125,
    "duration": 1,
    "pid": 71673,
    "index": 5
  },
  {
    "name": "Require(2) node_modules/egg-security/config/config.default.js",
    "start": 1605145496125,
    "end": 1605145496126,
    "duration": 1,
    "pid": 71673,
    "index": 6
  },
  {
    "name": "Require(3) node_modules/egg-jsonp/config/config.default.js",
    "start": 1605145496126,
    "end": 1605145496127,
    "duration": 1,
    "pid": 71673,
    "index": 7
  },
  {
    "name": "Require(4) node_modules/egg-onerror/config/config.default.js",
    "start": 1605145496127,
    "end": 1605145496128,
    "duration": 1,
    "pid": 71673,
    "index": 8
  },
  {
    "name": "Require(5) node_modules/egg-i18n/config/config.default.js",
    "start": 1605145496128,
    "end": 1605145496128,
    "duration": 0,
    "pid": 71673,
    "index": 9
  },
  {
    "name": "Require(6) node_modules/egg-watcher/config/config.default.js",
    "start": 1605145496128,
    "end": 1605145496129,
    "duration": 1,
    "pid": 71673,
    "index": 10
  },
  {
    "name": "Require(7) node_modules/egg-schedule/config/config.default.js",
    "start": 1605145496129,
    "end": 1605145496129,
    "duration": 0,
    "pid": 71673,
    "index": 11
  },
  {
    "name": "Require(8) node_modules/egg-multipart/config/config.default.js",
    "start": 1605145496130,
    "end": 1605145496130,
    "duration": 0,
    "pid": 71673,
    "index": 12
  },
  {
    "name": "Require(9) node_modules/egg-development/config/config.default.js",
    "start": 1605145496130,
    "end": 1605145496131,
    "duration": 1,
    "pid": 71673,
    "index": 13
  },
  {
    "name": "Require(10) node_modules/egg-logrotator/config/config.default.js",
    "start": 1605145496131,
    "end": 1605145496131,
    "duration": 0,
    "pid": 71673,
    "index": 14
  },
  {
    "name": "Require(11) node_modules/egg-static/config/config.default.js",
    "start": 1605145496132,
    "end": 1605145496132,
    "duration": 0,
    "pid": 71673,
    "index": 15
  },
  {
    "name": "Require(12) node_modules/egg-view/config/config.default.js",
    "start": 1605145496132,
    "end": 1605145496133,
    "duration": 1,
    "pid": 71673,
    "index": 16
  },
  {
    "name": "Require(13) node_modules/egg-validate/config/config.default.js",
    "start": 1605145496133,
    "end": 1605145496134,
    "duration": 1,
    "pid": 71673,
    "index": 17
  },
  {
    "name": "Require(14) node_modules/egg-view-ejs/config/config.default.js",
    "start": 1605145496134,
    "end": 1605145496135,
    "duration": 1,
    "pid": 71673,
    "index": 18
  },
  {
    "name": "Require(15) node_modules/egg-mysql/config/config.default.js",
    "start": 1605145496135,
    "end": 1605145496135,
    "duration": 0,
    "pid": 71673,
    "index": 19
  },
  {
    "name": "Require(16) node_modules/egg-sequelize/config/config.default.js",
    "start": 1605145496136,
    "end": 1605145496136,
    "duration": 0,
    "pid": 71673,
    "index": 20
  },
  {
    "name": "Require(17) node_modules/egg-jwt/config/config.default.js",
    "start": 1605145496136,
    "end": 1605145496137,
    "duration": 1,
    "pid": 71673,
    "index": 21
  },
  {
    "name": "Require(18) node_modules/egg-redis/config/config.default.js",
    "start": 1605145496137,
    "end": 1605145496138,
    "duration": 1,
    "pid": 71673,
    "index": 22
  },
  {
    "name": "Require(19) node_modules/egg/config/config.default.js",
    "start": 1605145496138,
    "end": 1605145496139,
    "duration": 1,
    "pid": 71673,
    "index": 23
  },
  {
    "name": "Require(20) config/config.default.js",
    "start": 1605145496140,
    "end": 1605145496140,
    "duration": 0,
    "pid": 71673,
    "index": 24
  },
  {
    "name": "Require(21) node_modules/egg-security/config/config.local.js",
    "start": 1605145496141,
    "end": 1605145496141,
    "duration": 0,
    "pid": 71673,
    "index": 25
  },
  {
    "name": "Require(22) node_modules/egg-watcher/config/config.local.js",
    "start": 1605145496142,
    "end": 1605145496142,
    "duration": 0,
    "pid": 71673,
    "index": 26
  },
  {
    "name": "Require(23) node_modules/egg-view/config/config.local.js",
    "start": 1605145496142,
    "end": 1605145496143,
    "duration": 1,
    "pid": 71673,
    "index": 27
  },
  {
    "name": "Require(24) node_modules/egg-view-ejs/config/config.local.js",
    "start": 1605145496143,
    "end": 1605145496144,
    "duration": 1,
    "pid": 71673,
    "index": 28
  },
  {
    "name": "Require(25) node_modules/egg/config/config.local.js",
    "start": 1605145496144,
    "end": 1605145496145,
    "duration": 1,
    "pid": 71673,
    "index": 29
  },
  {
    "name": "Load extend/application.js",
    "start": 1605145496145,
    "end": 1605145496188,
    "duration": 43,
    "pid": 71673,
    "index": 30
  },
  {
    "name": "Require(26) node_modules/egg-session/app/extend/application.js",
    "start": 1605145496146,
    "end": 1605145496146,
    "duration": 0,
    "pid": 71673,
    "index": 31
  },
  {
    "name": "Require(27) node_modules/egg-security/app/extend/application.js",
    "start": 1605145496146,
    "end": 1605145496148,
    "duration": 2,
    "pid": 71673,
    "index": 32
  },
  {
    "name": "Require(28) node_modules/egg-jsonp/app/extend/application.js",
    "start": 1605145496148,
    "end": 1605145496150,
    "duration": 2,
    "pid": 71673,
    "index": 33
  },
  {
    "name": "Require(29) node_modules/egg-logrotator/app/extend/application.js",
    "start": 1605145496150,
    "end": 1605145496151,
    "duration": 1,
    "pid": 71673,
    "index": 34
  },
  {
    "name": "Require(30) node_modules/egg-view/app/extend/application.js",
    "start": 1605145496151,
    "end": 1605145496153,
    "duration": 2,
    "pid": 71673,
    "index": 35
  },
  {
    "name": "Require(31) node_modules/egg-jwt/app/extend/application.js",
    "start": 1605145496153,
    "end": 1605145496186,
    "duration": 33,
    "pid": 71673,
    "index": 36
  },
  {
    "name": "Require(32) app/extend/application.js",
    "start": 1605145496187,
    "end": 1605145496187,
    "duration": 0,
    "pid": 71673,
    "index": 37
  },
  {
    "name": "Load extend/request.js",
    "start": 1605145496188,
    "end": 1605145496193,
    "duration": 5,
    "pid": 71673,
    "index": 38
  },
  {
    "name": "Require(33) node_modules/egg/app/extend/request.js",
    "start": 1605145496189,
    "end": 1605145496191,
    "duration": 2,
    "pid": 71673,
    "index": 39
  },
  {
    "name": "Require(34) app/extend/request.js",
    "start": 1605145496192,
    "end": 1605145496192,
    "duration": 0,
    "pid": 71673,
    "index": 40
  },
  {
    "name": "Load extend/response.js",
    "start": 1605145496193,
    "end": 1605145496197,
    "duration": 4,
    "pid": 71673,
    "index": 41
  },
  {
    "name": "Require(35) node_modules/egg/app/extend/response.js",
    "start": 1605145496194,
    "end": 1605145496196,
    "duration": 2,
    "pid": 71673,
    "index": 42
  },
  {
    "name": "Require(36) app/extend/response.js",
    "start": 1605145496196,
    "end": 1605145496196,
    "duration": 0,
    "pid": 71673,
    "index": 43
  },
  {
    "name": "Load extend/context.js",
    "start": 1605145496197,
    "end": 1605145496249,
    "duration": 52,
    "pid": 71673,
    "index": 44
  },
  {
    "name": "Require(37) node_modules/egg-security/app/extend/context.js",
    "start": 1605145496198,
    "end": 1605145496206,
    "duration": 8,
    "pid": 71673,
    "index": 45
  },
  {
    "name": "Require(38) node_modules/egg-jsonp/app/extend/context.js",
    "start": 1605145496206,
    "end": 1605145496207,
    "duration": 1,
    "pid": 71673,
    "index": 46
  },
  {
    "name": "Require(39) node_modules/egg-i18n/app/extend/context.js",
    "start": 1605145496208,
    "end": 1605145496208,
    "duration": 0,
    "pid": 71673,
    "index": 47
  },
  {
    "name": "Require(40) node_modules/egg-multipart/app/extend/context.js",
    "start": 1605145496208,
    "end": 1605145496244,
    "duration": 36,
    "pid": 71673,
    "index": 48
  },
  {
    "name": "Require(41) node_modules/egg-view/app/extend/context.js",
    "start": 1605145496244,
    "end": 1605145496245,
    "duration": 1,
    "pid": 71673,
    "index": 49
  },
  {
    "name": "Require(42) node_modules/egg-validate/app/extend/context.js",
    "start": 1605145496245,
    "end": 1605145496245,
    "duration": 0,
    "pid": 71673,
    "index": 50
  },
  {
    "name": "Require(43) lib/plugin/egg-info/app/extend/context.js",
    "start": 1605145496246,
    "end": 1605145496246,
    "duration": 0,
    "pid": 71673,
    "index": 51
  },
  {
    "name": "Require(44) node_modules/egg/app/extend/context.js",
    "start": 1605145496246,
    "end": 1605145496247,
    "duration": 1,
    "pid": 71673,
    "index": 52
  },
  {
    "name": "Require(45) app/extend/context.js",
    "start": 1605145496247,
    "end": 1605145496248,
    "duration": 1,
    "pid": 71673,
    "index": 53
  },
  {
    "name": "Load extend/helper.js",
    "start": 1605145496249,
    "end": 1605145496268,
    "duration": 19,
    "pid": 71673,
    "index": 54
  },
  {
    "name": "Require(46) node_modules/egg-security/app/extend/helper.js",
    "start": 1605145496249,
    "end": 1605145496264,
    "duration": 15,
    "pid": 71673,
    "index": 55
  },
  {
    "name": "Require(47) node_modules/egg/app/extend/helper.js",
    "start": 1605145496265,
    "end": 1605145496265,
    "duration": 0,
    "pid": 71673,
    "index": 56
  },
  {
    "name": "Require(48) app/extend/helper.js",
    "start": 1605145496265,
    "end": 1605145496267,
    "duration": 2,
    "pid": 71673,
    "index": 57
  },
  {
    "name": "Load app.js",
    "start": 1605145496268,
    "end": 1605145496322,
    "duration": 54,
    "pid": 71673,
    "index": 58
  },
  {
    "name": "Require(49) node_modules/egg-session/app.js",
    "start": 1605145496268,
    "end": 1605145496268,
    "duration": 0,
    "pid": 71673,
    "index": 59
  },
  {
    "name": "Require(50) node_modules/egg-security/app.js",
    "start": 1605145496269,
    "end": 1605145496270,
    "duration": 1,
    "pid": 71673,
    "index": 60
  },
  {
    "name": "Require(51) node_modules/egg-onerror/app.js",
    "start": 1605145496270,
    "end": 1605145496277,
    "duration": 7,
    "pid": 71673,
    "index": 61
  },
  {
    "name": "Require(52) node_modules/egg-i18n/app.js",
    "start": 1605145496277,
    "end": 1605145496287,
    "duration": 10,
    "pid": 71673,
    "index": 62
  },
  {
    "name": "Require(53) node_modules/egg-watcher/app.js",
    "start": 1605145496288,
    "end": 1605145496290,
    "duration": 2,
    "pid": 71673,
    "index": 63
  },
  {
    "name": "Require(54) node_modules/egg-schedule/app.js",
    "start": 1605145496290,
    "end": 1605145496293,
    "duration": 3,
    "pid": 71673,
    "index": 64
  },
  {
    "name": "Require(55) node_modules/egg-multipart/app.js",
    "start": 1605145496293,
    "end": 1605145496294,
    "duration": 1,
    "pid": 71673,
    "index": 65
  },
  {
    "name": "Require(56) node_modules/egg-development/app.js",
    "start": 1605145496294,
    "end": 1605145496294,
    "duration": 0,
    "pid": 71673,
    "index": 66
  },
  {
    "name": "Require(57) node_modules/egg-logrotator/app.js",
    "start": 1605145496294,
    "end": 1605145496295,
    "duration": 1,
    "pid": 71673,
    "index": 67
  },
  {
    "name": "Require(58) node_modules/egg-static/app.js",
    "start": 1605145496295,
    "end": 1605145496295,
    "duration": 0,
    "pid": 71673,
    "index": 68
  },
  {
    "name": "Require(59) node_modules/egg-validate/app.js",
    "start": 1605145496295,
    "end": 1605145496297,
    "duration": 2,
    "pid": 71673,
    "index": 69
  },
  {
    "name": "Require(60) node_modules/egg-view-ejs/app.js",
    "start": 1605145496297,
    "end": 1605145496297,
    "duration": 0,
    "pid": 71673,
    "index": 70
  },
  {
    "name": "Require(61) node_modules/egg-mysql/app.js",
    "start": 1605145496298,
    "end": 1605145496318,
    "duration": 20,
    "pid": 71673,
    "index": 71
  },
  {
    "name": "Require(62) node_modules/egg-sequelize/app.js",
    "start": 1605145496318,
    "end": 1605145496318,
    "duration": 0,
    "pid": 71673,
    "index": 72
  },
  {
    "name": "Require(63) node_modules/egg-jwt/app.js",
    "start": 1605145496318,
    "end": 1605145496319,
    "duration": 1,
    "pid": 71673,
    "index": 73
  },
  {
    "name": "Require(64) node_modules/egg-redis/app.js",
    "start": 1605145496319,
    "end": 1605145496320,
    "duration": 1,
    "pid": 71673,
    "index": 74
  },
  {
    "name": "Require(65) app.js",
    "start": 1605145496321,
    "end": 1605145496322,
    "duration": 1,
    "pid": 71673,
    "index": 75
  },
  {
    "name": "Before Start in node_modules/egg-watcher/lib/init.js:15:14",
    "start": 1605145496327,
    "end": 1605145496827,
    "duration": 500,
    "pid": 71673,
    "index": 76
  },
  {
    "name": "Before Start in node_modules/egg-mysql/lib/mysql.js:20:7",
    "start": 1605145496398,
    "end": 1605145496837,
    "duration": 439,
    "pid": 71673,
    "index": 77
  },
  {
    "name": "Load \"Symbol(model)\" to Application",
    "start": 1605145496645,
    "end": 1605145496654,
    "duration": 9,
    "pid": 71673,
    "index": 78
  },
  {
    "name": "Before Start in node_modules/egg-sequelize/lib/loader.js:39:7",
    "start": 1605145496656,
    "end": 1605145496856,
    "duration": 200,
    "pid": 71673,
    "index": 79
  },
  {
    "name": "Before Start in node_modules/egg-redis/lib/redis.js:53:7",
    "start": 1605145496700,
    "end": 1605145496825,
    "duration": 125,
    "pid": 71673,
    "index": 80
  },
  {
    "name": "Load Service",
    "start": 1605145496700,
    "end": 1605145496708,
    "duration": 8,
    "pid": 71673,
    "index": 81
  },
  {
    "name": "Load \"service\" to Context",
    "start": 1605145496700,
    "end": 1605145496708,
    "duration": 8,
    "pid": 71673,
    "index": 82
  },
  {
    "name": "Load Middleware",
    "start": 1605145496709,
    "end": 1605145496803,
    "duration": 94,
    "pid": 71673,
    "index": 83
  },
  {
    "name": "Load \"middlewares\" to Application",
    "start": 1605145496709,
    "end": 1605145496794,
    "duration": 85,
    "pid": 71673,
    "index": 84
  },
  {
    "name": "Load Controller",
    "start": 1605145496803,
    "end": 1605145496805,
    "duration": 2,
    "pid": 71673,
    "index": 85
  },
  {
    "name": "Load \"controller\" to Application",
    "start": 1605145496803,
    "end": 1605145496805,
    "duration": 2,
    "pid": 71673,
    "index": 86
  },
  {
    "name": "Load Router",
    "start": 1605145496805,
    "end": 1605145496807,
    "duration": 2,
    "pid": 71673,
    "index": 87
  },
  {
    "name": "Require(66) app/router.js",
    "start": 1605145496806,
    "end": 1605145496806,
    "duration": 0,
    "pid": 71673,
    "index": 88
  },
  {
    "name": "Before Start in node_modules/egg-core/lib/egg.js:303:10",
    "start": 1605145496806,
    "end": 1605145496817,
    "duration": 11,
    "pid": 71673,
    "index": 89
  }
]