[
  {
    "name": "Process Start",
    "start": 1605144586681,
    "end": 1605144587405,
    "duration": 724,
    "pid": 71326,
    "index": 0
  },
  {
    "name": "Application Start",
    "start": 1605144587405,
    "end": 1605144588123,
    "duration": 718,
    "pid": 71326,
    "index": 1
  },
  {
    "name": "Load Plugin",
    "start": 1605144587410,
    "end": 1605144587425,
    "duration": 15,
    "pid": 71326,
    "index": 2
  },
  {
    "name": "Load Config",
    "start": 1605144587425,
    "end": 1605144587446,
    "duration": 21,
    "pid": 71326,
    "index": 3
  },
  {
    "name": "Require(0) config/config.default.js",
    "start": 1605144587425,
    "end": 1605144587426,
    "duration": 1,
    "pid": 71326,
    "index": 4
  },
  {
    "name": "Require(1) node_modules/egg-session/config/config.default.js",
    "start": 1605144587426,
    "end": 1605144587427,
    "duration": 1,
    "pid": 71326,
    "index": 5
  },
  {
    "name": "Require(2) node_modules/egg-security/config/config.default.js",
    "start": 1605144587427,
    "end": 1605144587428,
    "duration": 1,
    "pid": 71326,
    "index": 6
  },
  {
    "name": "Require(3) node_modules/egg-jsonp/config/config.default.js",
    "start": 1605144587428,
    "end": 1605144587428,
    "duration": 0,
    "pid": 71326,
    "index": 7
  },
  {
    "name": "Require(4) node_modules/egg-onerror/config/config.default.js",
    "start": 1605144587429,
    "end": 1605144587429,
    "duration": 0,
    "pid": 71326,
    "index": 8
  },
  {
    "name": "Require(5) node_modules/egg-i18n/config/config.default.js",
    "start": 1605144587429,
    "end": 1605144587430,
    "duration": 1,
    "pid": 71326,
    "index": 9
  },
  {
    "name": "Require(6) node_modules/egg-watcher/config/config.default.js",
    "start": 1605144587430,
    "end": 1605144587430,
    "duration": 0,
    "pid": 71326,
    "index": 10
  },
  {
    "name": "Require(7) node_modules/egg-schedule/config/config.default.js",
    "start": 1605144587431,
    "end": 1605144587432,
    "duration": 1,
    "pid": 71326,
    "index": 11
  },
  {
    "name": "Require(8) node_modules/egg-multipart/config/config.default.js",
    "start": 1605144587432,
    "end": 1605144587432,
    "duration": 0,
    "pid": 71326,
    "index": 12
  },
  {
    "name": "Require(9) node_modules/egg-development/config/config.default.js",
    "start": 1605144587433,
    "end": 1605144587433,
    "duration": 0,
    "pid": 71326,
    "index": 13
  },
  {
    "name": "Require(10) node_modules/egg-logrotator/config/config.default.js",
    "start": 1605144587434,
    "end": 1605144587434,
    "duration": 0,
    "pid": 71326,
    "index": 14
  },
  {
    "name": "Require(11) node_modules/egg-static/config/config.default.js",
    "start": 1605144587434,
    "end": 1605144587435,
    "duration": 1,
    "pid": 71326,
    "index": 15
  },
  {
    "name": "Require(12) node_modules/egg-view/config/config.default.js",
    "start": 1605144587435,
    "end": 1605144587436,
    "duration": 1,
    "pid": 71326,
    "index": 16
  },
  {
    "name": "Require(13) node_modules/egg-validate/config/config.default.js",
    "start": 1605144587436,
    "end": 1605144587436,
    "duration": 0,
    "pid": 71326,
    "index": 17
  },
  {
    "name": "Require(14) node_modules/egg-view-ejs/config/config.default.js",
    "start": 1605144587436,
    "end": 1605144587437,
    "duration": 1,
    "pid": 71326,
    "index": 18
  },
  {
    "name": "Require(15) node_modules/egg-mysql/config/config.default.js",
    "start": 1605144587437,
    "end": 1605144587438,
    "duration": 1,
    "pid": 71326,
    "index": 19
  },
  {
    "name": "Require(16) node_modules/egg-sequelize/config/config.default.js",
    "start": 1605144587438,
    "end": 1605144587438,
    "duration": 0,
    "pid": 71326,
    "index": 20
  },
  {
    "name": "Require(17) node_modules/egg-jwt/config/config.default.js",
    "start": 1605144587438,
    "end": 1605144587439,
    "duration": 1,
    "pid": 71326,
    "index": 21
  },
  {
    "name": "Require(18) node_modules/egg-redis/config/config.default.js",
    "start": 1605144587439,
    "end": 1605144587440,
    "duration": 1,
    "pid": 71326,
    "index": 22
  },
  {
    "name": "Require(19) node_modules/egg/config/config.default.js",
    "start": 1605144587440,
    "end": 1605144587441,
    "duration": 1,
    "pid": 71326,
    "index": 23
  },
  {
    "name": "Require(20) config/config.default.js",
    "start": 1605144587442,
    "end": 1605144587442,
    "duration": 0,
    "pid": 71326,
    "index": 24
  },
  {
    "name": "Require(21) node_modules/egg-security/config/config.local.js",
    "start": 1605144587442,
    "end": 1605144587443,
    "duration": 1,
    "pid": 71326,
    "index": 25
  },
  {
    "name": "Require(22) node_modules/egg-watcher/config/config.local.js",
    "start": 1605144587443,
    "end": 1605144587443,
    "duration": 0,
    "pid": 71326,
    "index": 26
  },
  {
    "name": "Require(23) node_modules/egg-view/config/config.local.js",
    "start": 1605144587443,
    "end": 1605144587444,
    "duration": 1,
    "pid": 71326,
    "index": 27
  },
  {
    "name": "Require(24) node_modules/egg-view-ejs/config/config.local.js",
    "start": 1605144587444,
    "end": 1605144587445,
    "duration": 1,
    "pid": 71326,
    "index": 28
  },
  {
    "name": "Require(25) node_modules/egg/config/config.local.js",
    "start": 1605144587445,
    "end": 1605144587446,
    "duration": 1,
    "pid": 71326,
    "index": 29
  },
  {
    "name": "Load extend/application.js",
    "start": 1605144587447,
    "end": 1605144587487,
    "duration": 40,
    "pid": 71326,
    "index": 30
  },
  {
    "name": "Require(26) node_modules/egg-session/app/extend/application.js",
    "start": 1605144587447,
    "end": 1605144587448,
    "duration": 1,
    "pid": 71326,
    "index": 31
  },
  {
    "name": "Require(27) node_modules/egg-security/app/extend/application.js",
    "start": 1605144587448,
    "end": 1605144587449,
    "duration": 1,
    "pid": 71326,
    "index": 32
  },
  {
    "name": "Require(28) node_modules/egg-jsonp/app/extend/application.js",
    "start": 1605144587449,
    "end": 1605144587450,
    "duration": 1,
    "pid": 71326,
    "index": 33
  },
  {
    "name": "Require(29) node_modules/egg-logrotator/app/extend/application.js",
    "start": 1605144587451,
    "end": 1605144587452,
    "duration": 1,
    "pid": 71326,
    "index": 34
  },
  {
    "name": "Require(30) node_modules/egg-view/app/extend/application.js",
    "start": 1605144587452,
    "end": 1605144587453,
    "duration": 1,
    "pid": 71326,
    "index": 35
  },
  {
    "name": "Require(31) node_modules/egg-jwt/app/extend/application.js",
    "start": 1605144587453,
    "end": 1605144587485,
    "duration": 32,
    "pid": 71326,
    "index": 36
  },
  {
    "name": "Require(32) app/extend/application.js",
    "start": 1605144587485,
    "end": 1605144587485,
    "duration": 0,
    "pid": 71326,
    "index": 37
  },
  {
    "name": "Load extend/request.js",
    "start": 1605144587487,
    "end": 1605144587491,
    "duration": 4,
    "pid": 71326,
    "index": 38
  },
  {
    "name": "Require(33) node_modules/egg/app/extend/request.js",
    "start": 1605144587489,
    "end": 1605144587490,
    "duration": 1,
    "pid": 71326,
    "index": 39
  },
  {
    "name": "Require(34) app/extend/request.js",
    "start": 1605144587490,
    "end": 1605144587490,
    "duration": 0,
    "pid": 71326,
    "index": 40
  },
  {
    "name": "Load extend/response.js",
    "start": 1605144587491,
    "end": 1605144587496,
    "duration": 5,
    "pid": 71326,
    "index": 41
  },
  {
    "name": "Require(35) node_modules/egg/app/extend/response.js",
    "start": 1605144587492,
    "end": 1605144587494,
    "duration": 2,
    "pid": 71326,
    "index": 42
  },
  {
    "name": "Require(36) app/extend/response.js",
    "start": 1605144587494,
    "end": 1605144587494,
    "duration": 0,
    "pid": 71326,
    "index": 43
  },
  {
    "name": "Load extend/context.js",
    "start": 1605144587496,
    "end": 1605144587545,
    "duration": 49,
    "pid": 71326,
    "index": 44
  },
  {
    "name": "Require(37) node_modules/egg-security/app/extend/context.js",
    "start": 1605144587496,
    "end": 1605144587504,
    "duration": 8,
    "pid": 71326,
    "index": 45
  },
  {
    "name": "Require(38) node_modules/egg-jsonp/app/extend/context.js",
    "start": 1605144587504,
    "end": 1605144587506,
    "duration": 2,
    "pid": 71326,
    "index": 46
  },
  {
    "name": "Require(39) node_modules/egg-i18n/app/extend/context.js",
    "start": 1605144587506,
    "end": 1605144587507,
    "duration": 1,
    "pid": 71326,
    "index": 47
  },
  {
    "name": "Require(40) node_modules/egg-multipart/app/extend/context.js",
    "start": 1605144587507,
    "end": 1605144587539,
    "duration": 32,
    "pid": 71326,
    "index": 48
  },
  {
    "name": "Require(41) node_modules/egg-view/app/extend/context.js",
    "start": 1605144587539,
    "end": 1605144587540,
    "duration": 1,
    "pid": 71326,
    "index": 49
  },
  {
    "name": "Require(42) node_modules/egg-validate/app/extend/context.js",
    "start": 1605144587541,
    "end": 1605144587541,
    "duration": 0,
    "pid": 71326,
    "index": 50
  },
  {
    "name": "Require(43) lib/plugin/egg-info/app/extend/context.js",
    "start": 1605144587541,
    "end": 1605144587542,
    "duration": 1,
    "pid": 71326,
    "index": 51
  },
  {
    "name": "Require(44) node_modules/egg/app/extend/context.js",
    "start": 1605144587542,
    "end": 1605144587543,
    "duration": 1,
    "pid": 71326,
    "index": 52
  },
  {
    "name": "Require(45) app/extend/context.js",
    "start": 1605144587543,
    "end": 1605144587543,
    "duration": 0,
    "pid": 71326,
    "index": 53
  },
  {
    "name": "Load extend/helper.js",
    "start": 1605144587545,
    "end": 1605144587565,
    "duration": 20,
    "pid": 71326,
    "index": 54
  },
  {
    "name": "Require(46) node_modules/egg-security/app/extend/helper.js",
    "start": 1605144587545,
    "end": 1605144587561,
    "duration": 16,
    "pid": 71326,
    "index": 55
  },
  {
    "name": "Require(47) node_modules/egg/app/extend/helper.js",
    "start": 1605144587562,
    "end": 1605144587562,
    "duration": 0,
    "pid": 71326,
    "index": 56
  },
  {
    "name": "Require(48) app/extend/helper.js",
    "start": 1605144587562,
    "end": 1605144587564,
    "duration": 2,
    "pid": 71326,
    "index": 57
  },
  {
    "name": "Load app.js",
    "start": 1605144587565,
    "end": 1605144587614,
    "duration": 49,
    "pid": 71326,
    "index": 58
  },
  {
    "name": "Require(49) node_modules/egg-session/app.js",
    "start": 1605144587565,
    "end": 1605144587566,
    "duration": 1,
    "pid": 71326,
    "index": 59
  },
  {
    "name": "Require(50) node_modules/egg-security/app.js",
    "start": 1605144587566,
    "end": 1605144587567,
    "duration": 1,
    "pid": 71326,
    "index": 60
  },
  {
    "name": "Require(51) node_modules/egg-onerror/app.js",
    "start": 1605144587567,
    "end": 1605144587573,
    "duration": 6,
    "pid": 71326,
    "index": 61
  },
  {
    "name": "Require(52) node_modules/egg-i18n/app.js",
    "start": 1605144587574,
    "end": 1605144587583,
    "duration": 9,
    "pid": 71326,
    "index": 62
  },
  {
    "name": "Require(53) node_modules/egg-watcher/app.js",
    "start": 1605144587584,
    "end": 1605144587586,
    "duration": 2,
    "pid": 71326,
    "index": 63
  },
  {
    "name": "Require(54) node_modules/egg-schedule/app.js",
    "start": 1605144587586,
    "end": 1605144587589,
    "duration": 3,
    "pid": 71326,
    "index": 64
  },
  {
    "name": "Require(55) node_modules/egg-multipart/app.js",
    "start": 1605144587589,
    "end": 1605144587589,
    "duration": 0,
    "pid": 71326,
    "index": 65
  },
  {
    "name": "Require(56) node_modules/egg-development/app.js",
    "start": 1605144587589,
    "end": 1605144587590,
    "duration": 1,
    "pid": 71326,
    "index": 66
  },
  {
    "name": "Require(57) node_modules/egg-logrotator/app.js",
    "start": 1605144587590,
    "end": 1605144587590,
    "duration": 0,
    "pid": 71326,
    "index": 67
  },
  {
    "name": "Require(58) node_modules/egg-static/app.js",
    "start": 1605144587590,
    "end": 1605144587591,
    "duration": 1,
    "pid": 71326,
    "index": 68
  },
  {
    "name": "Require(59) node_modules/egg-validate/app.js",
    "start": 1605144587591,
    "end": 1605144587593,
    "duration": 2,
    "pid": 71326,
    "index": 69
  },
  {
    "name": "Require(60) node_modules/egg-view-ejs/app.js",
    "start": 1605144587593,
    "end": 1605144587593,
    "duration": 0,
    "pid": 71326,
    "index": 70
  },
  {
    "name": "Require(61) node_modules/egg-mysql/app.js",
    "start": 1605144587594,
    "end": 1605144587609,
    "duration": 15,
    "pid": 71326,
    "index": 71
  },
  {
    "name": "Require(62) node_modules/egg-sequelize/app.js",
    "start": 1605144587609,
    "end": 1605144587610,
    "duration": 1,
    "pid": 71326,
    "index": 72
  },
  {
    "name": "Require(63) node_modules/egg-jwt/app.js",
    "start": 1605144587610,
    "end": 1605144587610,
    "duration": 0,
    "pid": 71326,
    "index": 73
  },
  {
    "name": "Require(64) node_modules/egg-redis/app.js",
    "start": 1605144587611,
    "end": 1605144587612,
    "duration": 1,
    "pid": 71326,
    "index": 74
  },
  {
    "name": "Require(65) app.js",
    "start": 1605144587614,
    "end": 1605144587614,
    "duration": 0,
    "pid": 71326,
    "index": 75
  },
  {
    "name": "Before Start in node_modules/egg-watcher/lib/init.js:15:14",
    "start": 1605144587621,
    "end": 1605144588092,
    "duration": 471,
    "pid": 71326,
    "index": 76
  },
  {
    "name": "Before Start in node_modules/egg-mysql/lib/mysql.js:20:7",
    "start": 1605144587695,
    "end": 1605144588102,
    "duration": 407,
    "pid": 71326,
    "index": 77
  },
  {
    "name": "Load \"Symbol(model)\" to Application",
    "start": 1605144587920,
    "end": 1605144587928,
    "duration": 8,
    "pid": 71326,
    "index": 78
  },
  {
    "name": "Before Start in node_modules/egg-sequelize/lib/loader.js:39:7",
    "start": 1605144587930,
    "end": 1605144588122,
    "duration": 192,
    "pid": 71326,
    "index": 79
  },
  {
    "name": "Before Start in node_modules/egg-redis/lib/redis.js:53:7",
    "start": 1605144587972,
    "end": 1605144588090,
    "duration": 118,
    "pid": 71326,
    "index": 80
  },
  {
    "name": "Load Service",
    "start": 1605144587972,
    "end": 1605144587980,
    "duration": 8,
    "pid": 71326,
    "index": 81
  },
  {
    "name": "Load \"service\" to Context",
    "start": 1605144587972,
    "end": 1605144587980,
    "duration": 8,
    "pid": 71326,
    "index": 82
  },
  {
    "name": "Load Middleware",
    "start": 1605144587981,
    "end": 1605144588067,
    "duration": 86,
    "pid": 71326,
    "index": 83
  },
  {
    "name": "Load \"middlewares\" to Application",
    "start": 1605144587981,
    "end": 1605144588059,
    "duration": 78,
    "pid": 71326,
    "index": 84
  },
  {
    "name": "Load Controller",
    "start": 1605144588068,
    "end": 1605144588070,
    "duration": 2,
    "pid": 71326,
    "index": 85
  },
  {
    "name": "Load \"controller\" to Application",
    "start": 1605144588068,
    "end": 1605144588070,
    "duration": 2,
    "pid": 71326,
    "index": 86
  },
  {
    "name": "Load Router",
    "start": 1605144588070,
    "end": 1605144588072,
    "duration": 2,
    "pid": 71326,
    "index": 87
  },
  {
    "name": "Require(66) app/router.js",
    "start": 1605144588070,
    "end": 1605144588070,
    "duration": 0,
    "pid": 71326,
    "index": 88
  },
  {
    "name": "Before Start in node_modules/egg-core/lib/egg.js:303:10",
    "start": 1605144588070,
    "end": 1605144588082,
    "duration": 12,
    "pid": 71326,
    "index": 89
  }
]