[
  {
    "name": "Process Start",
    "start": 1605146733640,
    "end": 1605146734064,
    "duration": 424,
    "pid": 72894,
    "index": 0
  },
  {
    "name": "Application Start",
    "start": 1605146734064,
    "end": 1605146734510,
    "duration": 446,
    "pid": 72894,
    "index": 1
  },
  {
    "name": "Load Plugin",
    "start": 1605146734067,
    "end": 1605146734096,
    "duration": 29,
    "pid": 72894,
    "index": 2
  },
  {
    "name": "Load Config",
    "start": 1605146734096,
    "end": 1605146734109,
    "duration": 13,
    "pid": 72894,
    "index": 3
  },
  {
    "name": "Require(0) config/config.default.js",
    "start": 1605146734096,
    "end": 1605146734097,
    "duration": 1,
    "pid": 72894,
    "index": 4
  },
  {
    "name": "Require(1) node_modules/egg-session/config/config.default.js",
    "start": 1605146734098,
    "end": 1605146734098,
    "duration": 0,
    "pid": 72894,
    "index": 5
  },
  {
    "name": "Require(2) node_modules/egg-security/config/config.default.js",
    "start": 1605146734098,
    "end": 1605146734098,
    "duration": 0,
    "pid": 72894,
    "index": 6
  },
  {
    "name": "Require(3) node_modules/egg-jsonp/config/config.default.js",
    "start": 1605146734099,
    "end": 1605146734099,
    "duration": 0,
    "pid": 72894,
    "index": 7
  },
  {
    "name": "Require(4) node_modules/egg-onerror/config/config.default.js",
    "start": 1605146734100,
    "end": 1605146734100,
    "duration": 0,
    "pid": 72894,
    "index": 8
  },
  {
    "name": "Require(5) node_modules/egg-i18n/config/config.default.js",
    "start": 1605146734100,
    "end": 1605146734100,
    "duration": 0,
    "pid": 72894,
    "index": 9
  },
  {
    "name": "Require(6) node_modules/egg-watcher/config/config.default.js",
    "start": 1605146734100,
    "end": 1605146734101,
    "duration": 1,
    "pid": 72894,
    "index": 10
  },
  {
    "name": "Require(7) node_modules/egg-schedule/config/config.default.js",
    "start": 1605146734101,
    "end": 1605146734101,
    "duration": 0,
    "pid": 72894,
    "index": 11
  },
  {
    "name": "Require(8) node_modules/egg-multipart/config/config.default.js",
    "start": 1605146734101,
    "end": 1605146734101,
    "duration": 0,
    "pid": 72894,
    "index": 12
  },
  {
    "name": "Require(9) node_modules/egg-development/config/config.default.js",
    "start": 1605146734102,
    "end": 1605146734102,
    "duration": 0,
    "pid": 72894,
    "index": 13
  },
  {
    "name": "Require(10) node_modules/egg-logrotator/config/config.default.js",
    "start": 1605146734102,
    "end": 1605146734102,
    "duration": 0,
    "pid": 72894,
    "index": 14
  },
  {
    "name": "Require(11) node_modules/egg-static/config/config.default.js",
    "start": 1605146734102,
    "end": 1605146734102,
    "duration": 0,
    "pid": 72894,
    "index": 15
  },
  {
    "name": "Require(12) node_modules/egg-view/config/config.default.js",
    "start": 1605146734103,
    "end": 1605146734103,
    "duration": 0,
    "pid": 72894,
    "index": 16
  },
  {
    "name": "Require(13) node_modules/egg-validate/config/config.default.js",
    "start": 1605146734103,
    "end": 1605146734103,
    "duration": 0,
    "pid": 72894,
    "index": 17
  },
  {
    "name": "Require(14) node_modules/egg-view-ejs/config/config.default.js",
    "start": 1605146734103,
    "end": 1605146734103,
    "duration": 0,
    "pid": 72894,
    "index": 18
  },
  {
    "name": "Require(15) node_modules/egg-mysql/config/config.default.js",
    "start": 1605146734104,
    "end": 1605146734104,
    "duration": 0,
    "pid": 72894,
    "index": 19
  },
  {
    "name": "Require(16) node_modules/egg-sequelize/config/config.default.js",
    "start": 1605146734104,
    "end": 1605146734104,
    "duration": 0,
    "pid": 72894,
    "index": 20
  },
  {
    "name": "Require(17) node_modules/egg-jwt/config/config.default.js",
    "start": 1605146734104,
    "end": 1605146734105,
    "duration": 1,
    "pid": 72894,
    "index": 21
  },
  {
    "name": "Require(18) node_modules/egg-redis/config/config.default.js",
    "start": 1605146734105,
    "end": 1605146734105,
    "duration": 0,
    "pid": 72894,
    "index": 22
  },
  {
    "name": "Require(19) node_modules/egg/config/config.default.js",
    "start": 1605146734105,
    "end": 1605146734106,
    "duration": 1,
    "pid": 72894,
    "index": 23
  },
  {
    "name": "Require(20) config/config.default.js",
    "start": 1605146734107,
    "end": 1605146734107,
    "duration": 0,
    "pid": 72894,
    "index": 24
  },
  {
    "name": "Require(21) node_modules/egg-security/config/config.local.js",
    "start": 1605146734107,
    "end": 1605146734107,
    "duration": 0,
    "pid": 72894,
    "index": 25
  },
  {
    "name": "Require(22) node_modules/egg-watcher/config/config.local.js",
    "start": 1605146734107,
    "end": 1605146734108,
    "duration": 1,
    "pid": 72894,
    "index": 26
  },
  {
    "name": "Require(23) node_modules/egg-view/config/config.local.js",
    "start": 1605146734108,
    "end": 1605146734108,
    "duration": 0,
    "pid": 72894,
    "index": 27
  },
  {
    "name": "Require(24) node_modules/egg-view-ejs/config/config.local.js",
    "start": 1605146734108,
    "end": 1605146734108,
    "duration": 0,
    "pid": 72894,
    "index": 28
  },
  {
    "name": "Require(25) node_modules/egg/config/config.local.js",
    "start": 1605146734109,
    "end": 1605146734109,
    "duration": 0,
    "pid": 72894,
    "index": 29
  },
  {
    "name": "Load extend/application.js",
    "start": 1605146734110,
    "end": 1605146734128,
    "duration": 18,
    "pid": 72894,
    "index": 30
  },
  {
    "name": "Require(26) node_modules/egg-session/app/extend/application.js",
    "start": 1605146734110,
    "end": 1605146734110,
    "duration": 0,
    "pid": 72894,
    "index": 31
  },
  {
    "name": "Require(27) node_modules/egg-security/app/extend/application.js",
    "start": 1605146734110,
    "end": 1605146734110,
    "duration": 0,
    "pid": 72894,
    "index": 32
  },
  {
    "name": "Require(28) node_modules/egg-jsonp/app/extend/application.js",
    "start": 1605146734111,
    "end": 1605146734111,
    "duration": 0,
    "pid": 72894,
    "index": 33
  },
  {
    "name": "Require(29) node_modules/egg-logrotator/app/extend/application.js",
    "start": 1605146734112,
    "end": 1605146734112,
    "duration": 0,
    "pid": 72894,
    "index": 34
  },
  {
    "name": "Require(30) node_modules/egg-view/app/extend/application.js",
    "start": 1605146734112,
    "end": 1605146734113,
    "duration": 1,
    "pid": 72894,
    "index": 35
  },
  {
    "name": "Require(31) node_modules/egg-jwt/app/extend/application.js",
    "start": 1605146734113,
    "end": 1605146734127,
    "duration": 14,
    "pid": 72894,
    "index": 36
  },
  {
    "name": "Require(32) app/extend/application.js",
    "start": 1605146734127,
    "end": 1605146734127,
    "duration": 0,
    "pid": 72894,
    "index": 37
  },
  {
    "name": "Load extend/request.js",
    "start": 1605146734128,
    "end": 1605146734133,
    "duration": 5,
    "pid": 72894,
    "index": 38
  },
  {
    "name": "Require(33) node_modules/egg/app/extend/request.js",
    "start": 1605146734131,
    "end": 1605146734132,
    "duration": 1,
    "pid": 72894,
    "index": 39
  },
  {
    "name": "Require(34) app/extend/request.js",
    "start": 1605146734132,
    "end": 1605146734132,
    "duration": 0,
    "pid": 72894,
    "index": 40
  },
  {
    "name": "Load extend/response.js",
    "start": 1605146734133,
    "end": 1605146734136,
    "duration": 3,
    "pid": 72894,
    "index": 41
  },
  {
    "name": "Require(35) node_modules/egg/app/extend/response.js",
    "start": 1605146734134,
    "end": 1605146734135,
    "duration": 1,
    "pid": 72894,
    "index": 42
  },
  {
    "name": "Require(36) app/extend/response.js",
    "start": 1605146734135,
    "end": 1605146734135,
    "duration": 0,
    "pid": 72894,
    "index": 43
  },
  {
    "name": "Load extend/context.js",
    "start": 1605146734136,
    "end": 1605146734165,
    "duration": 29,
    "pid": 72894,
    "index": 44
  },
  {
    "name": "Require(37) node_modules/egg-security/app/extend/context.js",
    "start": 1605146734137,
    "end": 1605146734140,
    "duration": 3,
    "pid": 72894,
    "index": 45
  },
  {
    "name": "Require(38) node_modules/egg-jsonp/app/extend/context.js",
    "start": 1605146734140,
    "end": 1605146734140,
    "duration": 0,
    "pid": 72894,
    "index": 46
  },
  {
    "name": "Require(39) node_modules/egg-i18n/app/extend/context.js",
    "start": 1605146734141,
    "end": 1605146734141,
    "duration": 0,
    "pid": 72894,
    "index": 47
  },
  {
    "name": "Require(40) node_modules/egg-multipart/app/extend/context.js",
    "start": 1605146734141,
    "end": 1605146734161,
    "duration": 20,
    "pid": 72894,
    "index": 48
  },
  {
    "name": "Require(41) node_modules/egg-view/app/extend/context.js",
    "start": 1605146734161,
    "end": 1605146734162,
    "duration": 1,
    "pid": 72894,
    "index": 49
  },
  {
    "name": "Require(42) node_modules/egg-validate/app/extend/context.js",
    "start": 1605146734162,
    "end": 1605146734162,
    "duration": 0,
    "pid": 72894,
    "index": 50
  },
  {
    "name": "Require(43) lib/plugin/egg-info/app/extend/context.js",
    "start": 1605146734162,
    "end": 1605146734162,
    "duration": 0,
    "pid": 72894,
    "index": 51
  },
  {
    "name": "Require(44) node_modules/egg/app/extend/context.js",
    "start": 1605146734163,
    "end": 1605146734163,
    "duration": 0,
    "pid": 72894,
    "index": 52
  },
  {
    "name": "Require(45) app/extend/context.js",
    "start": 1605146734163,
    "end": 1605146734164,
    "duration": 1,
    "pid": 72894,
    "index": 53
  },
  {
    "name": "Load extend/helper.js",
    "start": 1605146734165,
    "end": 1605146734174,
    "duration": 9,
    "pid": 72894,
    "index": 54
  },
  {
    "name": "Require(46) node_modules/egg-security/app/extend/helper.js",
    "start": 1605146734165,
    "end": 1605146734171,
    "duration": 6,
    "pid": 72894,
    "index": 55
  },
  {
    "name": "Require(47) node_modules/egg/app/extend/helper.js",
    "start": 1605146734172,
    "end": 1605146734172,
    "duration": 0,
    "pid": 72894,
    "index": 56
  },
  {
    "name": "Require(48) app/extend/helper.js",
    "start": 1605146734172,
    "end": 1605146734173,
    "duration": 1,
    "pid": 72894,
    "index": 57
  },
  {
    "name": "Load app.js",
    "start": 1605146734174,
    "end": 1605146734196,
    "duration": 22,
    "pid": 72894,
    "index": 58
  },
  {
    "name": "Require(49) node_modules/egg-session/app.js",
    "start": 1605146734174,
    "end": 1605146734175,
    "duration": 1,
    "pid": 72894,
    "index": 59
  },
  {
    "name": "Require(50) node_modules/egg-security/app.js",
    "start": 1605146734175,
    "end": 1605146734175,
    "duration": 0,
    "pid": 72894,
    "index": 60
  },
  {
    "name": "Require(51) node_modules/egg-onerror/app.js",
    "start": 1605146734175,
    "end": 1605146734178,
    "duration": 3,
    "pid": 72894,
    "index": 61
  },
  {
    "name": "Require(52) node_modules/egg-i18n/app.js",
    "start": 1605146734178,
    "end": 1605146734184,
    "duration": 6,
    "pid": 72894,
    "index": 62
  },
  {
    "name": "Require(53) node_modules/egg-watcher/app.js",
    "start": 1605146734184,
    "end": 1605146734185,
    "duration": 1,
    "pid": 72894,
    "index": 63
  },
  {
    "name": "Require(54) node_modules/egg-schedule/app.js",
    "start": 1605146734185,
    "end": 1605146734186,
    "duration": 1,
    "pid": 72894,
    "index": 64
  },
  {
    "name": "Require(55) node_modules/egg-multipart/app.js",
    "start": 1605146734186,
    "end": 1605146734187,
    "duration": 1,
    "pid": 72894,
    "index": 65
  },
  {
    "name": "Require(56) node_modules/egg-development/app.js",
    "start": 1605146734187,
    "end": 1605146734187,
    "duration": 0,
    "pid": 72894,
    "index": 66
  },
  {
    "name": "Require(57) node_modules/egg-logrotator/app.js",
    "start": 1605146734187,
    "end": 1605146734187,
    "duration": 0,
    "pid": 72894,
    "index": 67
  },
  {
    "name": "Require(58) node_modules/egg-static/app.js",
    "start": 1605146734187,
    "end": 1605146734187,
    "duration": 0,
    "pid": 72894,
    "index": 68
  },
  {
    "name": "Require(59) node_modules/egg-validate/app.js",
    "start": 1605146734187,
    "end": 1605146734188,
    "duration": 1,
    "pid": 72894,
    "index": 69
  },
  {
    "name": "Require(60) node_modules/egg-view-ejs/app.js",
    "start": 1605146734188,
    "end": 1605146734188,
    "duration": 0,
    "pid": 72894,
    "index": 70
  },
  {
    "name": "Require(61) node_modules/egg-mysql/app.js",
    "start": 1605146734189,
    "end": 1605146734194,
    "duration": 5,
    "pid": 72894,
    "index": 71
  },
  {
    "name": "Require(62) node_modules/egg-sequelize/app.js",
    "start": 1605146734194,
    "end": 1605146734194,
    "duration": 0,
    "pid": 72894,
    "index": 72
  },
  {
    "name": "Require(63) node_modules/egg-jwt/app.js",
    "start": 1605146734194,
    "end": 1605146734194,
    "duration": 0,
    "pid": 72894,
    "index": 73
  },
  {
    "name": "Require(64) node_modules/egg-redis/app.js",
    "start": 1605146734194,
    "end": 1605146734195,
    "duration": 1,
    "pid": 72894,
    "index": 74
  },
  {
    "name": "Require(65) app.js",
    "start": 1605146734195,
    "end": 1605146734195,
    "duration": 0,
    "pid": 72894,
    "index": 75
  },
  {
    "name": "Before Start in node_modules/egg-watcher/lib/init.js:15:14",
    "start": 1605146734202,
    "end": 1605146734479,
    "duration": 277,
    "pid": 72894,
    "index": 76
  },
  {
    "name": "Before Start in node_modules/egg-mysql/lib/mysql.js:20:7",
    "start": 1605146734246,
    "end": 1605146734487,
    "duration": 241,
    "pid": 72894,
    "index": 77
  },
  {
    "name": "Load \"Symbol(model)\" to Application",
    "start": 1605146734373,
    "end": 1605146734381,
    "duration": 8,
    "pid": 72894,
    "index": 78
  },
  {
    "name": "Before Start in node_modules/egg-sequelize/lib/loader.js:39:7",
    "start": 1605146734384,
    "end": 1605146734510,
    "duration": 126,
    "pid": 72894,
    "index": 79
  },
  {
    "name": "Before Start in node_modules/egg-redis/lib/redis.js:53:7",
    "start": 1605146734406,
    "end": 1605146734477,
    "duration": 71,
    "pid": 72894,
    "index": 80
  },
  {
    "name": "Load Service",
    "start": 1605146734407,
    "end": 1605146734412,
    "duration": 5,
    "pid": 72894,
    "index": 81
  },
  {
    "name": "Load \"service\" to Context",
    "start": 1605146734407,
    "end": 1605146734412,
    "duration": 5,
    "pid": 72894,
    "index": 82
  },
  {
    "name": "Load Middleware",
    "start": 1605146734412,
    "end": 1605146734454,
    "duration": 42,
    "pid": 72894,
    "index": 83
  },
  {
    "name": "Load \"middlewares\" to Application",
    "start": 1605146734412,
    "end": 1605146734447,
    "duration": 35,
    "pid": 72894,
    "index": 84
  },
  {
    "name": "Load Controller",
    "start": 1605146734454,
    "end": 1605146734456,
    "duration": 2,
    "pid": 72894,
    "index": 85
  },
  {
    "name": "Load \"controller\" to Application",
    "start": 1605146734454,
    "end": 1605146734456,
    "duration": 2,
    "pid": 72894,
    "index": 86
  },
  {
    "name": "Load Router",
    "start": 1605146734456,
    "end": 1605146734457,
    "duration": 1,
    "pid": 72894,
    "index": 87
  },
  {
    "name": "Require(66) app/router.js",
    "start": 1605146734456,
    "end": 1605146734456,
    "duration": 0,
    "pid": 72894,
    "index": 88
  },
  {
    "name": "Before Start in node_modules/egg-core/lib/egg.js:303:10",
    "start": 1605146734456,
    "end": 1605146734468,
    "duration": 12,
    "pid": 72894,
    "index": 89
  }
]