[
  {
    "name": "Process Start",
    "start": 1605146606566,
    "end": 1605146607381,
    "duration": 815,
    "pid": 72533,
    "index": 0
  },
  {
    "name": "Application Start",
    "start": 1605146607382,
    "end": 1605146608147,
    "duration": 765,
    "pid": 72533,
    "index": 1
  },
  {
    "name": "Load Plugin",
    "start": 1605146607387,
    "end": 1605146607404,
    "duration": 17,
    "pid": 72533,
    "index": 2
  },
  {
    "name": "Load Config",
    "start": 1605146607404,
    "end": 1605146607427,
    "duration": 23,
    "pid": 72533,
    "index": 3
  },
  {
    "name": "Require(0) config/config.default.js",
    "start": 1605146607404,
    "end": 1605146607404,
    "duration": 0,
    "pid": 72533,
    "index": 4
  },
  {
    "name": "Require(1) node_modules/egg-session/config/config.default.js",
    "start": 1605146607405,
    "end": 1605146607406,
    "duration": 1,
    "pid": 72533,
    "index": 5
  },
  {
    "name": "Require(2) node_modules/egg-security/config/config.default.js",
    "start": 1605146607406,
    "end": 1605146607407,
    "duration": 1,
    "pid": 72533,
    "index": 6
  },
  {
    "name": "Require(3) node_modules/egg-jsonp/config/config.default.js",
    "start": 1605146607408,
    "end": 1605146607408,
    "duration": 0,
    "pid": 72533,
    "index": 7
  },
  {
    "name": "Require(4) node_modules/egg-onerror/config/config.default.js",
    "start": 1605146607408,
    "end": 1605146607409,
    "duration": 1,
    "pid": 72533,
    "index": 8
  },
  {
    "name": "Require(5) node_modules/egg-i18n/config/config.default.js",
    "start": 1605146607409,
    "end": 1605146607410,
    "duration": 1,
    "pid": 72533,
    "index": 9
  },
  {
    "name": "Require(6) node_modules/egg-watcher/config/config.default.js",
    "start": 1605146607410,
    "end": 1605146607411,
    "duration": 1,
    "pid": 72533,
    "index": 10
  },
  {
    "name": "Require(7) node_modules/egg-schedule/config/config.default.js",
    "start": 1605146607411,
    "end": 1605146607411,
    "duration": 0,
    "pid": 72533,
    "index": 11
  },
  {
    "name": "Require(8) node_modules/egg-multipart/config/config.default.js",
    "start": 1605146607411,
    "end": 1605146607412,
    "duration": 1,
    "pid": 72533,
    "index": 12
  },
  {
    "name": "Require(9) node_modules/egg-development/config/config.default.js",
    "start": 1605146607412,
    "end": 1605146607413,
    "duration": 1,
    "pid": 72533,
    "index": 13
  },
  {
    "name": "Require(10) node_modules/egg-logrotator/config/config.default.js",
    "start": 1605146607413,
    "end": 1605146607414,
    "duration": 1,
    "pid": 72533,
    "index": 14
  },
  {
    "name": "Require(11) node_modules/egg-static/config/config.default.js",
    "start": 1605146607414,
    "end": 1605146607414,
    "duration": 0,
    "pid": 72533,
    "index": 15
  },
  {
    "name": "Require(12) node_modules/egg-view/config/config.default.js",
    "start": 1605146607415,
    "end": 1605146607415,
    "duration": 0,
    "pid": 72533,
    "index": 16
  },
  {
    "name": "Require(13) node_modules/egg-validate/config/config.default.js",
    "start": 1605146607415,
    "end": 1605146607416,
    "duration": 1,
    "pid": 72533,
    "index": 17
  },
  {
    "name": "Require(14) node_modules/egg-view-ejs/config/config.default.js",
    "start": 1605146607416,
    "end": 1605146607417,
    "duration": 1,
    "pid": 72533,
    "index": 18
  },
  {
    "name": "Require(15) node_modules/egg-mysql/config/config.default.js",
    "start": 1605146607417,
    "end": 1605146607418,
    "duration": 1,
    "pid": 72533,
    "index": 19
  },
  {
    "name": "Require(16) node_modules/egg-sequelize/config/config.default.js",
    "start": 1605146607418,
    "end": 1605146607418,
    "duration": 0,
    "pid": 72533,
    "index": 20
  },
  {
    "name": "Require(17) node_modules/egg-jwt/config/config.default.js",
    "start": 1605146607419,
    "end": 1605146607419,
    "duration": 0,
    "pid": 72533,
    "index": 21
  },
  {
    "name": "Require(18) node_modules/egg-redis/config/config.default.js",
    "start": 1605146607420,
    "end": 1605146607420,
    "duration": 0,
    "pid": 72533,
    "index": 22
  },
  {
    "name": "Require(19) node_modules/egg/config/config.default.js",
    "start": 1605146607421,
    "end": 1605146607422,
    "duration": 1,
    "pid": 72533,
    "index": 23
  },
  {
    "name": "Require(20) config/config.default.js",
    "start": 1605146607423,
    "end": 1605146607423,
    "duration": 0,
    "pid": 72533,
    "index": 24
  },
  {
    "name": "Require(21) node_modules/egg-security/config/config.local.js",
    "start": 1605146607423,
    "end": 1605146607424,
    "duration": 1,
    "pid": 72533,
    "index": 25
  },
  {
    "name": "Require(22) node_modules/egg-watcher/config/config.local.js",
    "start": 1605146607424,
    "end": 1605146607425,
    "duration": 1,
    "pid": 72533,
    "index": 26
  },
  {
    "name": "Require(23) node_modules/egg-view/config/config.local.js",
    "start": 1605146607425,
    "end": 1605146607425,
    "duration": 0,
    "pid": 72533,
    "index": 27
  },
  {
    "name": "Require(24) node_modules/egg-view-ejs/config/config.local.js",
    "start": 1605146607426,
    "end": 1605146607426,
    "duration": 0,
    "pid": 72533,
    "index": 28
  },
  {
    "name": "Require(25) node_modules/egg/config/config.local.js",
    "start": 1605146607427,
    "end": 1605146607427,
    "duration": 0,
    "pid": 72533,
    "index": 29
  },
  {
    "name": "Load extend/application.js",
    "start": 1605146607428,
    "end": 1605146607474,
    "duration": 46,
    "pid": 72533,
    "index": 30
  },
  {
    "name": "Require(26) node_modules/egg-session/app/extend/application.js",
    "start": 1605146607428,
    "end": 1605146607429,
    "duration": 1,
    "pid": 72533,
    "index": 31
  },
  {
    "name": "Require(27) node_modules/egg-security/app/extend/application.js",
    "start": 1605146607429,
    "end": 1605146607431,
    "duration": 2,
    "pid": 72533,
    "index": 32
  },
  {
    "name": "Require(28) node_modules/egg-jsonp/app/extend/application.js",
    "start": 1605146607431,
    "end": 1605146607432,
    "duration": 1,
    "pid": 72533,
    "index": 33
  },
  {
    "name": "Require(29) node_modules/egg-logrotator/app/extend/application.js",
    "start": 1605146607433,
    "end": 1605146607434,
    "duration": 1,
    "pid": 72533,
    "index": 34
  },
  {
    "name": "Require(30) node_modules/egg-view/app/extend/application.js",
    "start": 1605146607434,
    "end": 1605146607435,
    "duration": 1,
    "pid": 72533,
    "index": 35
  },
  {
    "name": "Require(31) node_modules/egg-jwt/app/extend/application.js",
    "start": 1605146607436,
    "end": 1605146607472,
    "duration": 36,
    "pid": 72533,
    "index": 36
  },
  {
    "name": "Require(32) app/extend/application.js",
    "start": 1605146607473,
    "end": 1605146607473,
    "duration": 0,
    "pid": 72533,
    "index": 37
  },
  {
    "name": "Load extend/request.js",
    "start": 1605146607474,
    "end": 1605146607479,
    "duration": 5,
    "pid": 72533,
    "index": 38
  },
  {
    "name": "Require(33) node_modules/egg/app/extend/request.js",
    "start": 1605146607477,
    "end": 1605146607478,
    "duration": 1,
    "pid": 72533,
    "index": 39
  },
  {
    "name": "Require(34) app/extend/request.js",
    "start": 1605146607478,
    "end": 1605146607478,
    "duration": 0,
    "pid": 72533,
    "index": 40
  },
  {
    "name": "Load extend/response.js",
    "start": 1605146607479,
    "end": 1605146607484,
    "duration": 5,
    "pid": 72533,
    "index": 41
  },
  {
    "name": "Require(35) node_modules/egg/app/extend/response.js",
    "start": 1605146607480,
    "end": 1605146607482,
    "duration": 2,
    "pid": 72533,
    "index": 42
  },
  {
    "name": "Require(36) app/extend/response.js",
    "start": 1605146607482,
    "end": 1605146607482,
    "duration": 0,
    "pid": 72533,
    "index": 43
  },
  {
    "name": "Load extend/context.js",
    "start": 1605146607484,
    "end": 1605146607536,
    "duration": 52,
    "pid": 72533,
    "index": 44
  },
  {
    "name": "Require(37) node_modules/egg-security/app/extend/context.js",
    "start": 1605146607484,
    "end": 1605146607493,
    "duration": 9,
    "pid": 72533,
    "index": 45
  },
  {
    "name": "Require(38) node_modules/egg-jsonp/app/extend/context.js",
    "start": 1605146607493,
    "end": 1605146607495,
    "duration": 2,
    "pid": 72533,
    "index": 46
  },
  {
    "name": "Require(39) node_modules/egg-i18n/app/extend/context.js",
    "start": 1605146607495,
    "end": 1605146607496,
    "duration": 1,
    "pid": 72533,
    "index": 47
  },
  {
    "name": "Require(40) node_modules/egg-multipart/app/extend/context.js",
    "start": 1605146607496,
    "end": 1605146607531,
    "duration": 35,
    "pid": 72533,
    "index": 48
  },
  {
    "name": "Require(41) node_modules/egg-view/app/extend/context.js",
    "start": 1605146607532,
    "end": 1605146607533,
    "duration": 1,
    "pid": 72533,
    "index": 49
  },
  {
    "name": "Require(42) node_modules/egg-validate/app/extend/context.js",
    "start": 1605146607533,
    "end": 1605146607533,
    "duration": 0,
    "pid": 72533,
    "index": 50
  },
  {
    "name": "Require(43) lib/plugin/egg-info/app/extend/context.js",
    "start": 1605146607534,
    "end": 1605146607534,
    "duration": 0,
    "pid": 72533,
    "index": 51
  },
  {
    "name": "Require(44) node_modules/egg/app/extend/context.js",
    "start": 1605146607534,
    "end": 1605146607535,
    "duration": 1,
    "pid": 72533,
    "index": 52
  },
  {
    "name": "Require(45) app/extend/context.js",
    "start": 1605146607535,
    "end": 1605146607535,
    "duration": 0,
    "pid": 72533,
    "index": 53
  },
  {
    "name": "Load extend/helper.js",
    "start": 1605146607536,
    "end": 1605146607553,
    "duration": 17,
    "pid": 72533,
    "index": 54
  },
  {
    "name": "Require(46) node_modules/egg-security/app/extend/helper.js",
    "start": 1605146607536,
    "end": 1605146607549,
    "duration": 13,
    "pid": 72533,
    "index": 55
  },
  {
    "name": "Require(47) node_modules/egg/app/extend/helper.js",
    "start": 1605146607550,
    "end": 1605146607550,
    "duration": 0,
    "pid": 72533,
    "index": 56
  },
  {
    "name": "Require(48) app/extend/helper.js",
    "start": 1605146607550,
    "end": 1605146607552,
    "duration": 2,
    "pid": 72533,
    "index": 57
  },
  {
    "name": "Load app.js",
    "start": 1605146607553,
    "end": 1605146607603,
    "duration": 50,
    "pid": 72533,
    "index": 58
  },
  {
    "name": "Require(49) node_modules/egg-session/app.js",
    "start": 1605146607553,
    "end": 1605146607553,
    "duration": 0,
    "pid": 72533,
    "index": 59
  },
  {
    "name": "Require(50) node_modules/egg-security/app.js",
    "start": 1605146607554,
    "end": 1605146607555,
    "duration": 1,
    "pid": 72533,
    "index": 60
  },
  {
    "name": "Require(51) node_modules/egg-onerror/app.js",
    "start": 1605146607555,
    "end": 1605146607562,
    "duration": 7,
    "pid": 72533,
    "index": 61
  },
  {
    "name": "Require(52) node_modules/egg-i18n/app.js",
    "start": 1605146607562,
    "end": 1605146607574,
    "duration": 12,
    "pid": 72533,
    "index": 62
  },
  {
    "name": "Require(53) node_modules/egg-watcher/app.js",
    "start": 1605146607575,
    "end": 1605146607578,
    "duration": 3,
    "pid": 72533,
    "index": 63
  },
  {
    "name": "Require(54) node_modules/egg-schedule/app.js",
    "start": 1605146607578,
    "end": 1605146607580,
    "duration": 2,
    "pid": 72533,
    "index": 64
  },
  {
    "name": "Require(55) node_modules/egg-multipart/app.js",
    "start": 1605146607580,
    "end": 1605146607581,
    "duration": 1,
    "pid": 72533,
    "index": 65
  },
  {
    "name": "Require(56) node_modules/egg-development/app.js",
    "start": 1605146607581,
    "end": 1605146607581,
    "duration": 0,
    "pid": 72533,
    "index": 66
  },
  {
    "name": "Require(57) node_modules/egg-logrotator/app.js",
    "start": 1605146607582,
    "end": 1605146607582,
    "duration": 0,
    "pid": 72533,
    "index": 67
  },
  {
    "name": "Require(58) node_modules/egg-static/app.js",
    "start": 1605146607582,
    "end": 1605146607582,
    "duration": 0,
    "pid": 72533,
    "index": 68
  },
  {
    "name": "Require(59) node_modules/egg-validate/app.js",
    "start": 1605146607582,
    "end": 1605146607584,
    "duration": 2,
    "pid": 72533,
    "index": 69
  },
  {
    "name": "Require(60) node_modules/egg-view-ejs/app.js",
    "start": 1605146607584,
    "end": 1605146607585,
    "duration": 1,
    "pid": 72533,
    "index": 70
  },
  {
    "name": "Require(61) node_modules/egg-mysql/app.js",
    "start": 1605146607585,
    "end": 1605146607600,
    "duration": 15,
    "pid": 72533,
    "index": 71
  },
  {
    "name": "Require(62) node_modules/egg-sequelize/app.js",
    "start": 1605146607600,
    "end": 1605146607601,
    "duration": 1,
    "pid": 72533,
    "index": 72
  },
  {
    "name": "Require(63) node_modules/egg-jwt/app.js",
    "start": 1605146607601,
    "end": 1605146607601,
    "duration": 0,
    "pid": 72533,
    "index": 73
  },
  {
    "name": "Require(64) node_modules/egg-redis/app.js",
    "start": 1605146607601,
    "end": 1605146607602,
    "duration": 1,
    "pid": 72533,
    "index": 74
  },
  {
    "name": "Require(65) app.js",
    "start": 1605146607603,
    "end": 1605146607603,
    "duration": 0,
    "pid": 72533,
    "index": 75
  },
  {
    "name": "Before Start in node_modules/egg-watcher/lib/init.js:15:14",
    "start": 1605146607610,
    "end": 1605146608109,
    "duration": 499,
    "pid": 72533,
    "index": 76
  },
  {
    "name": "Before Start in node_modules/egg-mysql/lib/mysql.js:20:7",
    "start": 1605146607680,
    "end": 1605146608125,
    "duration": 445,
    "pid": 72533,
    "index": 77
  },
  {
    "name": "Load \"Symbol(model)\" to Application",
    "start": 1605146607930,
    "end": 1605146607939,
    "duration": 9,
    "pid": 72533,
    "index": 78
  },
  {
    "name": "Before Start in node_modules/egg-sequelize/lib/loader.js:39:7",
    "start": 1605146607941,
    "end": 1605146608146,
    "duration": 205,
    "pid": 72533,
    "index": 79
  },
  {
    "name": "Before Start in node_modules/egg-redis/lib/redis.js:53:7",
    "start": 1605146607983,
    "end": 1605146608108,
    "duration": 125,
    "pid": 72533,
    "index": 80
  },
  {
    "name": "Load Service",
    "start": 1605146607983,
    "end": 1605146607992,
    "duration": 9,
    "pid": 72533,
    "index": 81
  },
  {
    "name": "Load \"service\" to Context",
    "start": 1605146607983,
    "end": 1605146607992,
    "duration": 9,
    "pid": 72533,
    "index": 82
  },
  {
    "name": "Load Middleware",
    "start": 1605146607992,
    "end": 1605146608085,
    "duration": 93,
    "pid": 72533,
    "index": 83
  },
  {
    "name": "Load \"middlewares\" to Application",
    "start": 1605146607992,
    "end": 1605146608076,
    "duration": 84,
    "pid": 72533,
    "index": 84
  },
  {
    "name": "Load Controller",
    "start": 1605146608085,
    "end": 1605146608087,
    "duration": 2,
    "pid": 72533,
    "index": 85
  },
  {
    "name": "Load \"controller\" to Application",
    "start": 1605146608085,
    "end": 1605146608087,
    "duration": 2,
    "pid": 72533,
    "index": 86
  },
  {
    "name": "Load Router",
    "start": 1605146608087,
    "end": 1605146608089,
    "duration": 2,
    "pid": 72533,
    "index": 87
  },
  {
    "name": "Require(66) app/router.js",
    "start": 1605146608087,
    "end": 1605146608088,
    "duration": 1,
    "pid": 72533,
    "index": 88
  },
  {
    "name": "Before Start in node_modules/egg-core/lib/egg.js:303:10",
    "start": 1605146608088,
    "end": 1605146608100,
    "duration": 12,
    "pid": 72533,
    "index": 89
  }
]