[
  {
    "name": "Process Start",
    "start": 1605143513707,
    "end": 1605143514106,
    "duration": 399,
    "pid": 70785,
    "index": 0
  },
  {
    "name": "Application Start",
    "start": 1605143514108,
    "end": 1605143514580,
    "duration": 472,
    "pid": 70785,
    "index": 1
  },
  {
    "name": "Load Plugin",
    "start": 1605143514111,
    "end": 1605143514130,
    "duration": 19,
    "pid": 70785,
    "index": 2
  },
  {
    "name": "Load Config",
    "start": 1605143514130,
    "end": 1605143514147,
    "duration": 17,
    "pid": 70785,
    "index": 3
  },
  {
    "name": "Require(0) config/config.default.js",
    "start": 1605143514130,
    "end": 1605143514131,
    "duration": 1,
    "pid": 70785,
    "index": 4
  },
  {
    "name": "Require(1) node_modules/egg-session/config/config.default.js",
    "start": 1605143514132,
    "end": 1605143514132,
    "duration": 0,
    "pid": 70785,
    "index": 5
  },
  {
    "name": "Require(2) node_modules/egg-security/config/config.default.js",
    "start": 1605143514132,
    "end": 1605143514133,
    "duration": 1,
    "pid": 70785,
    "index": 6
  },
  {
    "name": "Require(3) node_modules/egg-jsonp/config/config.default.js",
    "start": 1605143514134,
    "end": 1605143514134,
    "duration": 0,
    "pid": 70785,
    "index": 7
  },
  {
    "name": "Require(4) node_modules/egg-onerror/config/config.default.js",
    "start": 1605143514134,
    "end": 1605143514134,
    "duration": 0,
    "pid": 70785,
    "index": 8
  },
  {
    "name": "Require(5) node_modules/egg-i18n/config/config.default.js",
    "start": 1605143514135,
    "end": 1605143514135,
    "duration": 0,
    "pid": 70785,
    "index": 9
  },
  {
    "name": "Require(6) node_modules/egg-watcher/config/config.default.js",
    "start": 1605143514135,
    "end": 1605143514135,
    "duration": 0,
    "pid": 70785,
    "index": 10
  },
  {
    "name": "Require(7) node_modules/egg-schedule/config/config.default.js",
    "start": 1605143514135,
    "end": 1605143514136,
    "duration": 1,
    "pid": 70785,
    "index": 11
  },
  {
    "name": "Require(8) node_modules/egg-multipart/config/config.default.js",
    "start": 1605143514136,
    "end": 1605143514136,
    "duration": 0,
    "pid": 70785,
    "index": 12
  },
  {
    "name": "Require(9) node_modules/egg-development/config/config.default.js",
    "start": 1605143514136,
    "end": 1605143514137,
    "duration": 1,
    "pid": 70785,
    "index": 13
  },
  {
    "name": "Require(10) node_modules/egg-logrotator/config/config.default.js",
    "start": 1605143514137,
    "end": 1605143514137,
    "duration": 0,
    "pid": 70785,
    "index": 14
  },
  {
    "name": "Require(11) node_modules/egg-static/config/config.default.js",
    "start": 1605143514137,
    "end": 1605143514138,
    "duration": 1,
    "pid": 70785,
    "index": 15
  },
  {
    "name": "Require(12) node_modules/egg-view/config/config.default.js",
    "start": 1605143514138,
    "end": 1605143514138,
    "duration": 0,
    "pid": 70785,
    "index": 16
  },
  {
    "name": "Require(13) node_modules/egg-validate/config/config.default.js",
    "start": 1605143514138,
    "end": 1605143514138,
    "duration": 0,
    "pid": 70785,
    "index": 17
  },
  {
    "name": "Require(14) node_modules/egg-view-ejs/config/config.default.js",
    "start": 1605143514139,
    "end": 1605143514139,
    "duration": 0,
    "pid": 70785,
    "index": 18
  },
  {
    "name": "Require(15) node_modules/egg-mysql/config/config.default.js",
    "start": 1605143514139,
    "end": 1605143514140,
    "duration": 1,
    "pid": 70785,
    "index": 19
  },
  {
    "name": "Require(16) node_modules/egg-sequelize/config/config.default.js",
    "start": 1605143514140,
    "end": 1605143514140,
    "duration": 0,
    "pid": 70785,
    "index": 20
  },
  {
    "name": "Require(17) node_modules/egg-jwt/config/config.default.js",
    "start": 1605143514140,
    "end": 1605143514140,
    "duration": 0,
    "pid": 70785,
    "index": 21
  },
  {
    "name": "Require(18) node_modules/egg-redis/config/config.default.js",
    "start": 1605143514141,
    "end": 1605143514141,
    "duration": 0,
    "pid": 70785,
    "index": 22
  },
  {
    "name": "Require(19) node_modules/egg/config/config.default.js",
    "start": 1605143514141,
    "end": 1605143514142,
    "duration": 1,
    "pid": 70785,
    "index": 23
  },
  {
    "name": "Require(20) config/config.default.js",
    "start": 1605143514143,
    "end": 1605143514143,
    "duration": 0,
    "pid": 70785,
    "index": 24
  },
  {
    "name": "Require(21) node_modules/egg-security/config/config.local.js",
    "start": 1605143514144,
    "end": 1605143514144,
    "duration": 0,
    "pid": 70785,
    "index": 25
  },
  {
    "name": "Require(22) node_modules/egg-watcher/config/config.local.js",
    "start": 1605143514145,
    "end": 1605143514145,
    "duration": 0,
    "pid": 70785,
    "index": 26
  },
  {
    "name": "Require(23) node_modules/egg-view/config/config.local.js",
    "start": 1605143514145,
    "end": 1605143514146,
    "duration": 1,
    "pid": 70785,
    "index": 27
  },
  {
    "name": "Require(24) node_modules/egg-view-ejs/config/config.local.js",
    "start": 1605143514146,
    "end": 1605143514146,
    "duration": 0,
    "pid": 70785,
    "index": 28
  },
  {
    "name": "Require(25) node_modules/egg/config/config.local.js",
    "start": 1605143514147,
    "end": 1605143514147,
    "duration": 0,
    "pid": 70785,
    "index": 29
  },
  {
    "name": "Load extend/application.js",
    "start": 1605143514148,
    "end": 1605143514170,
    "duration": 22,
    "pid": 70785,
    "index": 30
  },
  {
    "name": "Require(26) node_modules/egg-session/app/extend/application.js",
    "start": 1605143514148,
    "end": 1605143514148,
    "duration": 0,
    "pid": 70785,
    "index": 31
  },
  {
    "name": "Require(27) node_modules/egg-security/app/extend/application.js",
    "start": 1605143514149,
    "end": 1605143514149,
    "duration": 0,
    "pid": 70785,
    "index": 32
  },
  {
    "name": "Require(28) node_modules/egg-jsonp/app/extend/application.js",
    "start": 1605143514149,
    "end": 1605143514150,
    "duration": 1,
    "pid": 70785,
    "index": 33
  },
  {
    "name": "Require(29) node_modules/egg-logrotator/app/extend/application.js",
    "start": 1605143514151,
    "end": 1605143514151,
    "duration": 0,
    "pid": 70785,
    "index": 34
  },
  {
    "name": "Require(30) node_modules/egg-view/app/extend/application.js",
    "start": 1605143514151,
    "end": 1605143514152,
    "duration": 1,
    "pid": 70785,
    "index": 35
  },
  {
    "name": "Require(31) node_modules/egg-jwt/app/extend/application.js",
    "start": 1605143514153,
    "end": 1605143514168,
    "duration": 15,
    "pid": 70785,
    "index": 36
  },
  {
    "name": "Require(32) app/extend/application.js",
    "start": 1605143514169,
    "end": 1605143514169,
    "duration": 0,
    "pid": 70785,
    "index": 37
  },
  {
    "name": "Load extend/request.js",
    "start": 1605143514170,
    "end": 1605143514174,
    "duration": 4,
    "pid": 70785,
    "index": 38
  },
  {
    "name": "Require(33) node_modules/egg/app/extend/request.js",
    "start": 1605143514173,
    "end": 1605143514173,
    "duration": 0,
    "pid": 70785,
    "index": 39
  },
  {
    "name": "Require(34) app/extend/request.js",
    "start": 1605143514173,
    "end": 1605143514173,
    "duration": 0,
    "pid": 70785,
    "index": 40
  },
  {
    "name": "Load extend/response.js",
    "start": 1605143514174,
    "end": 1605143514179,
    "duration": 5,
    "pid": 70785,
    "index": 41
  },
  {
    "name": "Require(35) node_modules/egg/app/extend/response.js",
    "start": 1605143514175,
    "end": 1605143514176,
    "duration": 1,
    "pid": 70785,
    "index": 42
  },
  {
    "name": "Require(36) app/extend/response.js",
    "start": 1605143514176,
    "end": 1605143514176,
    "duration": 0,
    "pid": 70785,
    "index": 43
  },
  {
    "name": "Load extend/context.js",
    "start": 1605143514179,
    "end": 1605143514208,
    "duration": 29,
    "pid": 70785,
    "index": 44
  },
  {
    "name": "Require(37) node_modules/egg-security/app/extend/context.js",
    "start": 1605143514179,
    "end": 1605143514182,
    "duration": 3,
    "pid": 70785,
    "index": 45
  },
  {
    "name": "Require(38) node_modules/egg-jsonp/app/extend/context.js",
    "start": 1605143514182,
    "end": 1605143514183,
    "duration": 1,
    "pid": 70785,
    "index": 46
  },
  {
    "name": "Require(39) node_modules/egg-i18n/app/extend/context.js",
    "start": 1605143514183,
    "end": 1605143514183,
    "duration": 0,
    "pid": 70785,
    "index": 47
  },
  {
    "name": "Require(40) node_modules/egg-multipart/app/extend/context.js",
    "start": 1605143514183,
    "end": 1605143514205,
    "duration": 22,
    "pid": 70785,
    "index": 48
  },
  {
    "name": "Require(41) node_modules/egg-view/app/extend/context.js",
    "start": 1605143514205,
    "end": 1605143514205,
    "duration": 0,
    "pid": 70785,
    "index": 49
  },
  {
    "name": "Require(42) node_modules/egg-validate/app/extend/context.js",
    "start": 1605143514205,
    "end": 1605143514205,
    "duration": 0,
    "pid": 70785,
    "index": 50
  },
  {
    "name": "Require(43) lib/plugin/egg-info/app/extend/context.js",
    "start": 1605143514206,
    "end": 1605143514206,
    "duration": 0,
    "pid": 70785,
    "index": 51
  },
  {
    "name": "Require(44) node_modules/egg/app/extend/context.js",
    "start": 1605143514206,
    "end": 1605143514207,
    "duration": 1,
    "pid": 70785,
    "index": 52
  },
  {
    "name": "Require(45) app/extend/context.js",
    "start": 1605143514207,
    "end": 1605143514207,
    "duration": 0,
    "pid": 70785,
    "index": 53
  },
  {
    "name": "Load extend/helper.js",
    "start": 1605143514208,
    "end": 1605143514218,
    "duration": 10,
    "pid": 70785,
    "index": 54
  },
  {
    "name": "Require(46) node_modules/egg-security/app/extend/helper.js",
    "start": 1605143514208,
    "end": 1605143514215,
    "duration": 7,
    "pid": 70785,
    "index": 55
  },
  {
    "name": "Require(47) node_modules/egg/app/extend/helper.js",
    "start": 1605143514216,
    "end": 1605143514216,
    "duration": 0,
    "pid": 70785,
    "index": 56
  },
  {
    "name": "Require(48) app/extend/helper.js",
    "start": 1605143514216,
    "end": 1605143514217,
    "duration": 1,
    "pid": 70785,
    "index": 57
  },
  {
    "name": "Load app.js",
    "start": 1605143514218,
    "end": 1605143514241,
    "duration": 23,
    "pid": 70785,
    "index": 58
  },
  {
    "name": "Require(49) node_modules/egg-session/app.js",
    "start": 1605143514219,
    "end": 1605143514219,
    "duration": 0,
    "pid": 70785,
    "index": 59
  },
  {
    "name": "Require(50) node_modules/egg-security/app.js",
    "start": 1605143514219,
    "end": 1605143514219,
    "duration": 0,
    "pid": 70785,
    "index": 60
  },
  {
    "name": "Require(51) node_modules/egg-onerror/app.js",
    "start": 1605143514219,
    "end": 1605143514222,
    "duration": 3,
    "pid": 70785,
    "index": 61
  },
  {
    "name": "Require(52) node_modules/egg-i18n/app.js",
    "start": 1605143514222,
    "end": 1605143514229,
    "duration": 7,
    "pid": 70785,
    "index": 62
  },
  {
    "name": "Require(53) node_modules/egg-watcher/app.js",
    "start": 1605143514229,
    "end": 1605143514230,
    "duration": 1,
    "pid": 70785,
    "index": 63
  },
  {
    "name": "Require(54) node_modules/egg-schedule/app.js",
    "start": 1605143514230,
    "end": 1605143514231,
    "duration": 1,
    "pid": 70785,
    "index": 64
  },
  {
    "name": "Require(55) node_modules/egg-multipart/app.js",
    "start": 1605143514231,
    "end": 1605143514231,
    "duration": 0,
    "pid": 70785,
    "index": 65
  },
  {
    "name": "Require(56) node_modules/egg-development/app.js",
    "start": 1605143514231,
    "end": 1605143514232,
    "duration": 1,
    "pid": 70785,
    "index": 66
  },
  {
    "name": "Require(57) node_modules/egg-logrotator/app.js",
    "start": 1605143514232,
    "end": 1605143514232,
    "duration": 0,
    "pid": 70785,
    "index": 67
  },
  {
    "name": "Require(58) node_modules/egg-static/app.js",
    "start": 1605143514232,
    "end": 1605143514232,
    "duration": 0,
    "pid": 70785,
    "index": 68
  },
  {
    "name": "Require(59) node_modules/egg-validate/app.js",
    "start": 1605143514232,
    "end": 1605143514233,
    "duration": 1,
    "pid": 70785,
    "index": 69
  },
  {
    "name": "Require(60) node_modules/egg-view-ejs/app.js",
    "start": 1605143514233,
    "end": 1605143514234,
    "duration": 1,
    "pid": 70785,
    "index": 70
  },
  {
    "name": "Require(61) node_modules/egg-mysql/app.js",
    "start": 1605143514234,
    "end": 1605143514239,
    "duration": 5,
    "pid": 70785,
    "index": 71
  },
  {
    "name": "Require(62) node_modules/egg-sequelize/app.js",
    "start": 1605143514239,
    "end": 1605143514239,
    "duration": 0,
    "pid": 70785,
    "index": 72
  },
  {
    "name": "Require(63) node_modules/egg-jwt/app.js",
    "start": 1605143514240,
    "end": 1605143514240,
    "duration": 0,
    "pid": 70785,
    "index": 73
  },
  {
    "name": "Require(64) node_modules/egg-redis/app.js",
    "start": 1605143514240,
    "end": 1605143514240,
    "duration": 0,
    "pid": 70785,
    "index": 74
  },
  {
    "name": "Require(65) app.js",
    "start": 1605143514241,
    "end": 1605143514241,
    "duration": 0,
    "pid": 70785,
    "index": 75
  },
  {
    "name": "Before Start in node_modules/egg-watcher/lib/init.js:15:14",
    "start": 1605143514248,
    "end": 1605143514549,
    "duration": 301,
    "pid": 70785,
    "index": 76
  },
  {
    "name": "Before Start in node_modules/egg-mysql/lib/mysql.js:20:7",
    "start": 1605143514305,
    "end": 1605143514559,
    "duration": 254,
    "pid": 70785,
    "index": 77
  },
  {
    "name": "Load \"Symbol(model)\" to Application",
    "start": 1605143514440,
    "end": 1605143514449,
    "duration": 9,
    "pid": 70785,
    "index": 78
  },
  {
    "name": "Before Start in node_modules/egg-sequelize/lib/loader.js:39:7",
    "start": 1605143514451,
    "end": 1605143514579,
    "duration": 128,
    "pid": 70785,
    "index": 79
  },
  {
    "name": "Before Start in node_modules/egg-redis/lib/redis.js:53:7",
    "start": 1605143514473,
    "end": 1605143514546,
    "duration": 73,
    "pid": 70785,
    "index": 80
  },
  {
    "name": "Load Service",
    "start": 1605143514473,
    "end": 1605143514479,
    "duration": 6,
    "pid": 70785,
    "index": 81
  },
  {
    "name": "Load \"service\" to Context",
    "start": 1605143514473,
    "end": 1605143514479,
    "duration": 6,
    "pid": 70785,
    "index": 82
  },
  {
    "name": "Load Middleware",
    "start": 1605143514479,
    "end": 1605143514520,
    "duration": 41,
    "pid": 70785,
    "index": 83
  },
  {
    "name": "Load \"middlewares\" to Application",
    "start": 1605143514479,
    "end": 1605143514513,
    "duration": 34,
    "pid": 70785,
    "index": 84
  },
  {
    "name": "Load Controller",
    "start": 1605143514520,
    "end": 1605143514522,
    "duration": 2,
    "pid": 70785,
    "index": 85
  },
  {
    "name": "Load \"controller\" to Application",
    "start": 1605143514520,
    "end": 1605143514522,
    "duration": 2,
    "pid": 70785,
    "index": 86
  },
  {
    "name": "Load Router",
    "start": 1605143514522,
    "end": 1605143514524,
    "duration": 2,
    "pid": 70785,
    "index": 87
  },
  {
    "name": "Require(66) app/router.js",
    "start": 1605143514522,
    "end": 1605143514522,
    "duration": 0,
    "pid": 70785,
    "index": 88
  },
  {
    "name": "Before Start in node_modules/egg-core/lib/egg.js:303:10",
    "start": 1605143514523,
    "end": 1605143514535,
    "duration": 12,
    "pid": 70785,
    "index": 89
  }
]