[
  {
    "name": "Process Start",
    "start": 1605145622473,
    "end": 1605145622880,
    "duration": 407,
    "pid": 72008,
    "index": 0
  },
  {
    "name": "Application Start",
    "start": 1605145622880,
    "end": 1605145623305,
    "duration": 425,
    "pid": 72008,
    "index": 1
  },
  {
    "name": "Load Plugin",
    "start": 1605145622883,
    "end": 1605145622906,
    "duration": 23,
    "pid": 72008,
    "index": 2
  },
  {
    "name": "Load Config",
    "start": 1605145622906,
    "end": 1605145622919,
    "duration": 13,
    "pid": 72008,
    "index": 3
  },
  {
    "name": "Require(0) config/config.default.js",
    "start": 1605145622906,
    "end": 1605145622906,
    "duration": 0,
    "pid": 72008,
    "index": 4
  },
  {
    "name": "Require(1) node_modules/egg-session/config/config.default.js",
    "start": 1605145622907,
    "end": 1605145622908,
    "duration": 1,
    "pid": 72008,
    "index": 5
  },
  {
    "name": "Require(2) node_modules/egg-security/config/config.default.js",
    "start": 1605145622908,
    "end": 1605145622908,
    "duration": 0,
    "pid": 72008,
    "index": 6
  },
  {
    "name": "Require(3) node_modules/egg-jsonp/config/config.default.js",
    "start": 1605145622908,
    "end": 1605145622909,
    "duration": 1,
    "pid": 72008,
    "index": 7
  },
  {
    "name": "Require(4) node_modules/egg-onerror/config/config.default.js",
    "start": 1605145622909,
    "end": 1605145622909,
    "duration": 0,
    "pid": 72008,
    "index": 8
  },
  {
    "name": "Require(5) node_modules/egg-i18n/config/config.default.js",
    "start": 1605145622909,
    "end": 1605145622909,
    "duration": 0,
    "pid": 72008,
    "index": 9
  },
  {
    "name": "Require(6) node_modules/egg-watcher/config/config.default.js",
    "start": 1605145622909,
    "end": 1605145622910,
    "duration": 1,
    "pid": 72008,
    "index": 10
  },
  {
    "name": "Require(7) node_modules/egg-schedule/config/config.default.js",
    "start": 1605145622910,
    "end": 1605145622910,
    "duration": 0,
    "pid": 72008,
    "index": 11
  },
  {
    "name": "Require(8) node_modules/egg-multipart/config/config.default.js",
    "start": 1605145622910,
    "end": 1605145622910,
    "duration": 0,
    "pid": 72008,
    "index": 12
  },
  {
    "name": "Require(9) node_modules/egg-development/config/config.default.js",
    "start": 1605145622911,
    "end": 1605145622911,
    "duration": 0,
    "pid": 72008,
    "index": 13
  },
  {
    "name": "Require(10) node_modules/egg-logrotator/config/config.default.js",
    "start": 1605145622911,
    "end": 1605145622911,
    "duration": 0,
    "pid": 72008,
    "index": 14
  },
  {
    "name": "Require(11) node_modules/egg-static/config/config.default.js",
    "start": 1605145622912,
    "end": 1605145622912,
    "duration": 0,
    "pid": 72008,
    "index": 15
  },
  {
    "name": "Require(12) node_modules/egg-view/config/config.default.js",
    "start": 1605145622912,
    "end": 1605145622912,
    "duration": 0,
    "pid": 72008,
    "index": 16
  },
  {
    "name": "Require(13) node_modules/egg-validate/config/config.default.js",
    "start": 1605145622912,
    "end": 1605145622912,
    "duration": 0,
    "pid": 72008,
    "index": 17
  },
  {
    "name": "Require(14) node_modules/egg-view-ejs/config/config.default.js",
    "start": 1605145622913,
    "end": 1605145622913,
    "duration": 0,
    "pid": 72008,
    "index": 18
  },
  {
    "name": "Require(15) node_modules/egg-mysql/config/config.default.js",
    "start": 1605145622913,
    "end": 1605145622913,
    "duration": 0,
    "pid": 72008,
    "index": 19
  },
  {
    "name": "Require(16) node_modules/egg-sequelize/config/config.default.js",
    "start": 1605145622913,
    "end": 1605145622914,
    "duration": 1,
    "pid": 72008,
    "index": 20
  },
  {
    "name": "Require(17) node_modules/egg-jwt/config/config.default.js",
    "start": 1605145622914,
    "end": 1605145622914,
    "duration": 0,
    "pid": 72008,
    "index": 21
  },
  {
    "name": "Require(18) node_modules/egg-redis/config/config.default.js",
    "start": 1605145622914,
    "end": 1605145622914,
    "duration": 0,
    "pid": 72008,
    "index": 22
  },
  {
    "name": "Require(19) node_modules/egg/config/config.default.js",
    "start": 1605145622915,
    "end": 1605145622915,
    "duration": 0,
    "pid": 72008,
    "index": 23
  },
  {
    "name": "Require(20) config/config.default.js",
    "start": 1605145622916,
    "end": 1605145622916,
    "duration": 0,
    "pid": 72008,
    "index": 24
  },
  {
    "name": "Require(21) node_modules/egg-security/config/config.local.js",
    "start": 1605145622916,
    "end": 1605145622916,
    "duration": 0,
    "pid": 72008,
    "index": 25
  },
  {
    "name": "Require(22) node_modules/egg-watcher/config/config.local.js",
    "start": 1605145622917,
    "end": 1605145622917,
    "duration": 0,
    "pid": 72008,
    "index": 26
  },
  {
    "name": "Require(23) node_modules/egg-view/config/config.local.js",
    "start": 1605145622917,
    "end": 1605145622917,
    "duration": 0,
    "pid": 72008,
    "index": 27
  },
  {
    "name": "Require(24) node_modules/egg-view-ejs/config/config.local.js",
    "start": 1605145622918,
    "end": 1605145622918,
    "duration": 0,
    "pid": 72008,
    "index": 28
  },
  {
    "name": "Require(25) node_modules/egg/config/config.local.js",
    "start": 1605145622918,
    "end": 1605145622919,
    "duration": 1,
    "pid": 72008,
    "index": 29
  },
  {
    "name": "Load extend/application.js",
    "start": 1605145622920,
    "end": 1605145622939,
    "duration": 19,
    "pid": 72008,
    "index": 30
  },
  {
    "name": "Require(26) node_modules/egg-session/app/extend/application.js",
    "start": 1605145622920,
    "end": 1605145622920,
    "duration": 0,
    "pid": 72008,
    "index": 31
  },
  {
    "name": "Require(27) node_modules/egg-security/app/extend/application.js",
    "start": 1605145622920,
    "end": 1605145622921,
    "duration": 1,
    "pid": 72008,
    "index": 32
  },
  {
    "name": "Require(28) node_modules/egg-jsonp/app/extend/application.js",
    "start": 1605145622921,
    "end": 1605145622921,
    "duration": 0,
    "pid": 72008,
    "index": 33
  },
  {
    "name": "Require(29) node_modules/egg-logrotator/app/extend/application.js",
    "start": 1605145622922,
    "end": 1605145622922,
    "duration": 0,
    "pid": 72008,
    "index": 34
  },
  {
    "name": "Require(30) node_modules/egg-view/app/extend/application.js",
    "start": 1605145622922,
    "end": 1605145622923,
    "duration": 1,
    "pid": 72008,
    "index": 35
  },
  {
    "name": "Require(31) node_modules/egg-jwt/app/extend/application.js",
    "start": 1605145622923,
    "end": 1605145622937,
    "duration": 14,
    "pid": 72008,
    "index": 36
  },
  {
    "name": "Require(32) app/extend/application.js",
    "start": 1605145622938,
    "end": 1605145622938,
    "duration": 0,
    "pid": 72008,
    "index": 37
  },
  {
    "name": "Load extend/request.js",
    "start": 1605145622939,
    "end": 1605145622943,
    "duration": 4,
    "pid": 72008,
    "index": 38
  },
  {
    "name": "Require(33) node_modules/egg/app/extend/request.js",
    "start": 1605145622941,
    "end": 1605145622941,
    "duration": 0,
    "pid": 72008,
    "index": 39
  },
  {
    "name": "Require(34) app/extend/request.js",
    "start": 1605145622942,
    "end": 1605145622942,
    "duration": 0,
    "pid": 72008,
    "index": 40
  },
  {
    "name": "Load extend/response.js",
    "start": 1605145622943,
    "end": 1605145622946,
    "duration": 3,
    "pid": 72008,
    "index": 41
  },
  {
    "name": "Require(35) node_modules/egg/app/extend/response.js",
    "start": 1605145622944,
    "end": 1605145622944,
    "duration": 0,
    "pid": 72008,
    "index": 42
  },
  {
    "name": "Require(36) app/extend/response.js",
    "start": 1605145622945,
    "end": 1605145622945,
    "duration": 0,
    "pid": 72008,
    "index": 43
  },
  {
    "name": "Load extend/context.js",
    "start": 1605145622946,
    "end": 1605145622976,
    "duration": 30,
    "pid": 72008,
    "index": 44
  },
  {
    "name": "Require(37) node_modules/egg-security/app/extend/context.js",
    "start": 1605145622947,
    "end": 1605145622950,
    "duration": 3,
    "pid": 72008,
    "index": 45
  },
  {
    "name": "Require(38) node_modules/egg-jsonp/app/extend/context.js",
    "start": 1605145622950,
    "end": 1605145622951,
    "duration": 1,
    "pid": 72008,
    "index": 46
  },
  {
    "name": "Require(39) node_modules/egg-i18n/app/extend/context.js",
    "start": 1605145622951,
    "end": 1605145622951,
    "duration": 0,
    "pid": 72008,
    "index": 47
  },
  {
    "name": "Require(40) node_modules/egg-multipart/app/extend/context.js",
    "start": 1605145622952,
    "end": 1605145622972,
    "duration": 20,
    "pid": 72008,
    "index": 48
  },
  {
    "name": "Require(41) node_modules/egg-view/app/extend/context.js",
    "start": 1605145622972,
    "end": 1605145622973,
    "duration": 1,
    "pid": 72008,
    "index": 49
  },
  {
    "name": "Require(42) node_modules/egg-validate/app/extend/context.js",
    "start": 1605145622973,
    "end": 1605145622973,
    "duration": 0,
    "pid": 72008,
    "index": 50
  },
  {
    "name": "Require(43) lib/plugin/egg-info/app/extend/context.js",
    "start": 1605145622973,
    "end": 1605145622973,
    "duration": 0,
    "pid": 72008,
    "index": 51
  },
  {
    "name": "Require(44) node_modules/egg/app/extend/context.js",
    "start": 1605145622974,
    "end": 1605145622974,
    "duration": 0,
    "pid": 72008,
    "index": 52
  },
  {
    "name": "Require(45) app/extend/context.js",
    "start": 1605145622975,
    "end": 1605145622975,
    "duration": 0,
    "pid": 72008,
    "index": 53
  },
  {
    "name": "Load extend/helper.js",
    "start": 1605145622976,
    "end": 1605145622985,
    "duration": 9,
    "pid": 72008,
    "index": 54
  },
  {
    "name": "Require(46) node_modules/egg-security/app/extend/helper.js",
    "start": 1605145622976,
    "end": 1605145622982,
    "duration": 6,
    "pid": 72008,
    "index": 55
  },
  {
    "name": "Require(47) node_modules/egg/app/extend/helper.js",
    "start": 1605145622983,
    "end": 1605145622983,
    "duration": 0,
    "pid": 72008,
    "index": 56
  },
  {
    "name": "Require(48) app/extend/helper.js",
    "start": 1605145622983,
    "end": 1605145622984,
    "duration": 1,
    "pid": 72008,
    "index": 57
  },
  {
    "name": "Load app.js",
    "start": 1605145622985,
    "end": 1605145623005,
    "duration": 20,
    "pid": 72008,
    "index": 58
  },
  {
    "name": "Require(49) node_modules/egg-session/app.js",
    "start": 1605145622985,
    "end": 1605145622986,
    "duration": 1,
    "pid": 72008,
    "index": 59
  },
  {
    "name": "Require(50) node_modules/egg-security/app.js",
    "start": 1605145622986,
    "end": 1605145622986,
    "duration": 0,
    "pid": 72008,
    "index": 60
  },
  {
    "name": "Require(51) node_modules/egg-onerror/app.js",
    "start": 1605145622986,
    "end": 1605145622989,
    "duration": 3,
    "pid": 72008,
    "index": 61
  },
  {
    "name": "Require(52) node_modules/egg-i18n/app.js",
    "start": 1605145622989,
    "end": 1605145622994,
    "duration": 5,
    "pid": 72008,
    "index": 62
  },
  {
    "name": "Require(53) node_modules/egg-watcher/app.js",
    "start": 1605145622994,
    "end": 1605145622995,
    "duration": 1,
    "pid": 72008,
    "index": 63
  },
  {
    "name": "Require(54) node_modules/egg-schedule/app.js",
    "start": 1605145622995,
    "end": 1605145622996,
    "duration": 1,
    "pid": 72008,
    "index": 64
  },
  {
    "name": "Require(55) node_modules/egg-multipart/app.js",
    "start": 1605145622996,
    "end": 1605145622996,
    "duration": 0,
    "pid": 72008,
    "index": 65
  },
  {
    "name": "Require(56) node_modules/egg-development/app.js",
    "start": 1605145622997,
    "end": 1605145622997,
    "duration": 0,
    "pid": 72008,
    "index": 66
  },
  {
    "name": "Require(57) node_modules/egg-logrotator/app.js",
    "start": 1605145622997,
    "end": 1605145622997,
    "duration": 0,
    "pid": 72008,
    "index": 67
  },
  {
    "name": "Require(58) node_modules/egg-static/app.js",
    "start": 1605145622997,
    "end": 1605145622997,
    "duration": 0,
    "pid": 72008,
    "index": 68
  },
  {
    "name": "Require(59) node_modules/egg-validate/app.js",
    "start": 1605145622997,
    "end": 1605145622998,
    "duration": 1,
    "pid": 72008,
    "index": 69
  },
  {
    "name": "Require(60) node_modules/egg-view-ejs/app.js",
    "start": 1605145622998,
    "end": 1605145622999,
    "duration": 1,
    "pid": 72008,
    "index": 70
  },
  {
    "name": "Require(61) node_modules/egg-mysql/app.js",
    "start": 1605145622999,
    "end": 1605145623004,
    "duration": 5,
    "pid": 72008,
    "index": 71
  },
  {
    "name": "Require(62) node_modules/egg-sequelize/app.js",
    "start": 1605145623004,
    "end": 1605145623004,
    "duration": 0,
    "pid": 72008,
    "index": 72
  },
  {
    "name": "Require(63) node_modules/egg-jwt/app.js",
    "start": 1605145623004,
    "end": 1605145623004,
    "duration": 0,
    "pid": 72008,
    "index": 73
  },
  {
    "name": "Require(64) node_modules/egg-redis/app.js",
    "start": 1605145623004,
    "end": 1605145623005,
    "duration": 1,
    "pid": 72008,
    "index": 74
  },
  {
    "name": "Require(65) app.js",
    "start": 1605145623005,
    "end": 1605145623005,
    "duration": 0,
    "pid": 72008,
    "index": 75
  },
  {
    "name": "Before Start in node_modules/egg-watcher/lib/init.js:15:14",
    "start": 1605145623012,
    "end": 1605145623279,
    "duration": 267,
    "pid": 72008,
    "index": 76
  },
  {
    "name": "Before Start in node_modules/egg-mysql/lib/mysql.js:20:7",
    "start": 1605145623053,
    "end": 1605145623287,
    "duration": 234,
    "pid": 72008,
    "index": 77
  },
  {
    "name": "Load \"Symbol(model)\" to Application",
    "start": 1605145623174,
    "end": 1605145623182,
    "duration": 8,
    "pid": 72008,
    "index": 78
  },
  {
    "name": "Before Start in node_modules/egg-sequelize/lib/loader.js:39:7",
    "start": 1605145623184,
    "end": 1605145623305,
    "duration": 121,
    "pid": 72008,
    "index": 79
  },
  {
    "name": "Before Start in node_modules/egg-redis/lib/redis.js:53:7",
    "start": 1605145623206,
    "end": 1605145623277,
    "duration": 71,
    "pid": 72008,
    "index": 80
  },
  {
    "name": "Load Service",
    "start": 1605145623207,
    "end": 1605145623212,
    "duration": 5,
    "pid": 72008,
    "index": 81
  },
  {
    "name": "Load \"service\" to Context",
    "start": 1605145623207,
    "end": 1605145623212,
    "duration": 5,
    "pid": 72008,
    "index": 82
  },
  {
    "name": "Load Middleware",
    "start": 1605145623212,
    "end": 1605145623255,
    "duration": 43,
    "pid": 72008,
    "index": 83
  },
  {
    "name": "Load \"middlewares\" to Application",
    "start": 1605145623213,
    "end": 1605145623248,
    "duration": 35,
    "pid": 72008,
    "index": 84
  },
  {
    "name": "Load Controller",
    "start": 1605145623255,
    "end": 1605145623257,
    "duration": 2,
    "pid": 72008,
    "index": 85
  },
  {
    "name": "Load \"controller\" to Application",
    "start": 1605145623255,
    "end": 1605145623257,
    "duration": 2,
    "pid": 72008,
    "index": 86
  },
  {
    "name": "Load Router",
    "start": 1605145623257,
    "end": 1605145623258,
    "duration": 1,
    "pid": 72008,
    "index": 87
  },
  {
    "name": "Require(66) app/router.js",
    "start": 1605145623257,
    "end": 1605145623257,
    "duration": 0,
    "pid": 72008,
    "index": 88
  },
  {
    "name": "Before Start in node_modules/egg-core/lib/egg.js:303:10",
    "start": 1605145623257,
    "end": 1605145623268,
    "duration": 11,
    "pid": 72008,
    "index": 89
  }
]