[
  {
    "name": "Process Start",
    "start": 1605145553659,
    "end": 1605145554096,
    "duration": 437,
    "pid": 71842,
    "index": 0
  },
  {
    "name": "Application Start",
    "start": 1605145554096,
    "end": 1605145554535,
    "duration": 439,
    "pid": 71842,
    "index": 1
  },
  {
    "name": "Load Plugin",
    "start": 1605145554100,
    "end": 1605145554109,
    "duration": 9,
    "pid": 71842,
    "index": 2
  },
  {
    "name": "Load Config",
    "start": 1605145554110,
    "end": 1605145554124,
    "duration": 14,
    "pid": 71842,
    "index": 3
  },
  {
    "name": "Require(0) config/config.default.js",
    "start": 1605145554110,
    "end": 1605145554110,
    "duration": 0,
    "pid": 71842,
    "index": 4
  },
  {
    "name": "Require(1) node_modules/egg-session/config/config.default.js",
    "start": 1605145554111,
    "end": 1605145554112,
    "duration": 1,
    "pid": 71842,
    "index": 5
  },
  {
    "name": "Require(2) node_modules/egg-security/config/config.default.js",
    "start": 1605145554112,
    "end": 1605145554112,
    "duration": 0,
    "pid": 71842,
    "index": 6
  },
  {
    "name": "Require(3) node_modules/egg-jsonp/config/config.default.js",
    "start": 1605145554112,
    "end": 1605145554113,
    "duration": 1,
    "pid": 71842,
    "index": 7
  },
  {
    "name": "Require(4) node_modules/egg-onerror/config/config.default.js",
    "start": 1605145554113,
    "end": 1605145554113,
    "duration": 0,
    "pid": 71842,
    "index": 8
  },
  {
    "name": "Require(5) node_modules/egg-i18n/config/config.default.js",
    "start": 1605145554113,
    "end": 1605145554113,
    "duration": 0,
    "pid": 71842,
    "index": 9
  },
  {
    "name": "Require(6) node_modules/egg-watcher/config/config.default.js",
    "start": 1605145554114,
    "end": 1605145554114,
    "duration": 0,
    "pid": 71842,
    "index": 10
  },
  {
    "name": "Require(7) node_modules/egg-schedule/config/config.default.js",
    "start": 1605145554114,
    "end": 1605145554115,
    "duration": 1,
    "pid": 71842,
    "index": 11
  },
  {
    "name": "Require(8) node_modules/egg-multipart/config/config.default.js",
    "start": 1605145554115,
    "end": 1605145554115,
    "duration": 0,
    "pid": 71842,
    "index": 12
  },
  {
    "name": "Require(9) node_modules/egg-development/config/config.default.js",
    "start": 1605145554115,
    "end": 1605145554115,
    "duration": 0,
    "pid": 71842,
    "index": 13
  },
  {
    "name": "Require(10) node_modules/egg-logrotator/config/config.default.js",
    "start": 1605145554116,
    "end": 1605145554116,
    "duration": 0,
    "pid": 71842,
    "index": 14
  },
  {
    "name": "Require(11) node_modules/egg-static/config/config.default.js",
    "start": 1605145554116,
    "end": 1605145554116,
    "duration": 0,
    "pid": 71842,
    "index": 15
  },
  {
    "name": "Require(12) node_modules/egg-view/config/config.default.js",
    "start": 1605145554116,
    "end": 1605145554117,
    "duration": 1,
    "pid": 71842,
    "index": 16
  },
  {
    "name": "Require(13) node_modules/egg-validate/config/config.default.js",
    "start": 1605145554117,
    "end": 1605145554117,
    "duration": 0,
    "pid": 71842,
    "index": 17
  },
  {
    "name": "Require(14) node_modules/egg-view-ejs/config/config.default.js",
    "start": 1605145554117,
    "end": 1605145554117,
    "duration": 0,
    "pid": 71842,
    "index": 18
  },
  {
    "name": "Require(15) node_modules/egg-mysql/config/config.default.js",
    "start": 1605145554118,
    "end": 1605145554118,
    "duration": 0,
    "pid": 71842,
    "index": 19
  },
  {
    "name": "Require(16) node_modules/egg-sequelize/config/config.default.js",
    "start": 1605145554118,
    "end": 1605145554118,
    "duration": 0,
    "pid": 71842,
    "index": 20
  },
  {
    "name": "Require(17) node_modules/egg-jwt/config/config.default.js",
    "start": 1605145554118,
    "end": 1605145554119,
    "duration": 1,
    "pid": 71842,
    "index": 21
  },
  {
    "name": "Require(18) node_modules/egg-redis/config/config.default.js",
    "start": 1605145554119,
    "end": 1605145554119,
    "duration": 0,
    "pid": 71842,
    "index": 22
  },
  {
    "name": "Require(19) node_modules/egg/config/config.default.js",
    "start": 1605145554119,
    "end": 1605145554120,
    "duration": 1,
    "pid": 71842,
    "index": 23
  },
  {
    "name": "Require(20) config/config.default.js",
    "start": 1605145554121,
    "end": 1605145554121,
    "duration": 0,
    "pid": 71842,
    "index": 24
  },
  {
    "name": "Require(21) node_modules/egg-security/config/config.local.js",
    "start": 1605145554121,
    "end": 1605145554121,
    "duration": 0,
    "pid": 71842,
    "index": 25
  },
  {
    "name": "Require(22) node_modules/egg-watcher/config/config.local.js",
    "start": 1605145554121,
    "end": 1605145554122,
    "duration": 1,
    "pid": 71842,
    "index": 26
  },
  {
    "name": "Require(23) node_modules/egg-view/config/config.local.js",
    "start": 1605145554122,
    "end": 1605145554122,
    "duration": 0,
    "pid": 71842,
    "index": 27
  },
  {
    "name": "Require(24) node_modules/egg-view-ejs/config/config.local.js",
    "start": 1605145554123,
    "end": 1605145554123,
    "duration": 0,
    "pid": 71842,
    "index": 28
  },
  {
    "name": "Require(25) node_modules/egg/config/config.local.js",
    "start": 1605145554123,
    "end": 1605145554123,
    "duration": 0,
    "pid": 71842,
    "index": 29
  },
  {
    "name": "Load extend/application.js",
    "start": 1605145554124,
    "end": 1605145554145,
    "duration": 21,
    "pid": 71842,
    "index": 30
  },
  {
    "name": "Require(26) node_modules/egg-session/app/extend/application.js",
    "start": 1605145554124,
    "end": 1605145554125,
    "duration": 1,
    "pid": 71842,
    "index": 31
  },
  {
    "name": "Require(27) node_modules/egg-security/app/extend/application.js",
    "start": 1605145554125,
    "end": 1605145554125,
    "duration": 0,
    "pid": 71842,
    "index": 32
  },
  {
    "name": "Require(28) node_modules/egg-jsonp/app/extend/application.js",
    "start": 1605145554125,
    "end": 1605145554126,
    "duration": 1,
    "pid": 71842,
    "index": 33
  },
  {
    "name": "Require(29) node_modules/egg-logrotator/app/extend/application.js",
    "start": 1605145554127,
    "end": 1605145554128,
    "duration": 1,
    "pid": 71842,
    "index": 34
  },
  {
    "name": "Require(30) node_modules/egg-view/app/extend/application.js",
    "start": 1605145554128,
    "end": 1605145554128,
    "duration": 0,
    "pid": 71842,
    "index": 35
  },
  {
    "name": "Require(31) node_modules/egg-jwt/app/extend/application.js",
    "start": 1605145554129,
    "end": 1605145554143,
    "duration": 14,
    "pid": 71842,
    "index": 36
  },
  {
    "name": "Require(32) app/extend/application.js",
    "start": 1605145554144,
    "end": 1605145554144,
    "duration": 0,
    "pid": 71842,
    "index": 37
  },
  {
    "name": "Load extend/request.js",
    "start": 1605145554145,
    "end": 1605145554149,
    "duration": 4,
    "pid": 71842,
    "index": 38
  },
  {
    "name": "Require(33) node_modules/egg/app/extend/request.js",
    "start": 1605145554148,
    "end": 1605145554148,
    "duration": 0,
    "pid": 71842,
    "index": 39
  },
  {
    "name": "Require(34) app/extend/request.js",
    "start": 1605145554148,
    "end": 1605145554148,
    "duration": 0,
    "pid": 71842,
    "index": 40
  },
  {
    "name": "Load extend/response.js",
    "start": 1605145554149,
    "end": 1605145554153,
    "duration": 4,
    "pid": 71842,
    "index": 41
  },
  {
    "name": "Require(35) node_modules/egg/app/extend/response.js",
    "start": 1605145554150,
    "end": 1605145554151,
    "duration": 1,
    "pid": 71842,
    "index": 42
  },
  {
    "name": "Require(36) app/extend/response.js",
    "start": 1605145554151,
    "end": 1605145554151,
    "duration": 0,
    "pid": 71842,
    "index": 43
  },
  {
    "name": "Load extend/context.js",
    "start": 1605145554153,
    "end": 1605145554182,
    "duration": 29,
    "pid": 71842,
    "index": 44
  },
  {
    "name": "Require(37) node_modules/egg-security/app/extend/context.js",
    "start": 1605145554153,
    "end": 1605145554156,
    "duration": 3,
    "pid": 71842,
    "index": 45
  },
  {
    "name": "Require(38) node_modules/egg-jsonp/app/extend/context.js",
    "start": 1605145554156,
    "end": 1605145554157,
    "duration": 1,
    "pid": 71842,
    "index": 46
  },
  {
    "name": "Require(39) node_modules/egg-i18n/app/extend/context.js",
    "start": 1605145554157,
    "end": 1605145554157,
    "duration": 0,
    "pid": 71842,
    "index": 47
  },
  {
    "name": "Require(40) node_modules/egg-multipart/app/extend/context.js",
    "start": 1605145554157,
    "end": 1605145554179,
    "duration": 22,
    "pid": 71842,
    "index": 48
  },
  {
    "name": "Require(41) node_modules/egg-view/app/extend/context.js",
    "start": 1605145554179,
    "end": 1605145554180,
    "duration": 1,
    "pid": 71842,
    "index": 49
  },
  {
    "name": "Require(42) node_modules/egg-validate/app/extend/context.js",
    "start": 1605145554180,
    "end": 1605145554180,
    "duration": 0,
    "pid": 71842,
    "index": 50
  },
  {
    "name": "Require(43) lib/plugin/egg-info/app/extend/context.js",
    "start": 1605145554180,
    "end": 1605145554180,
    "duration": 0,
    "pid": 71842,
    "index": 51
  },
  {
    "name": "Require(44) node_modules/egg/app/extend/context.js",
    "start": 1605145554181,
    "end": 1605145554181,
    "duration": 0,
    "pid": 71842,
    "index": 52
  },
  {
    "name": "Require(45) app/extend/context.js",
    "start": 1605145554181,
    "end": 1605145554181,
    "duration": 0,
    "pid": 71842,
    "index": 53
  },
  {
    "name": "Load extend/helper.js",
    "start": 1605145554182,
    "end": 1605145554191,
    "duration": 9,
    "pid": 71842,
    "index": 54
  },
  {
    "name": "Require(46) node_modules/egg-security/app/extend/helper.js",
    "start": 1605145554182,
    "end": 1605145554188,
    "duration": 6,
    "pid": 71842,
    "index": 55
  },
  {
    "name": "Require(47) node_modules/egg/app/extend/helper.js",
    "start": 1605145554189,
    "end": 1605145554189,
    "duration": 0,
    "pid": 71842,
    "index": 56
  },
  {
    "name": "Require(48) app/extend/helper.js",
    "start": 1605145554190,
    "end": 1605145554190,
    "duration": 0,
    "pid": 71842,
    "index": 57
  },
  {
    "name": "Load app.js",
    "start": 1605145554191,
    "end": 1605145554213,
    "duration": 22,
    "pid": 71842,
    "index": 58
  },
  {
    "name": "Require(49) node_modules/egg-session/app.js",
    "start": 1605145554192,
    "end": 1605145554192,
    "duration": 0,
    "pid": 71842,
    "index": 59
  },
  {
    "name": "Require(50) node_modules/egg-security/app.js",
    "start": 1605145554192,
    "end": 1605145554192,
    "duration": 0,
    "pid": 71842,
    "index": 60
  },
  {
    "name": "Require(51) node_modules/egg-onerror/app.js",
    "start": 1605145554192,
    "end": 1605145554196,
    "duration": 4,
    "pid": 71842,
    "index": 61
  },
  {
    "name": "Require(52) node_modules/egg-i18n/app.js",
    "start": 1605145554196,
    "end": 1605145554201,
    "duration": 5,
    "pid": 71842,
    "index": 62
  },
  {
    "name": "Require(53) node_modules/egg-watcher/app.js",
    "start": 1605145554202,
    "end": 1605145554203,
    "duration": 1,
    "pid": 71842,
    "index": 63
  },
  {
    "name": "Require(54) node_modules/egg-schedule/app.js",
    "start": 1605145554203,
    "end": 1605145554204,
    "duration": 1,
    "pid": 71842,
    "index": 64
  },
  {
    "name": "Require(55) node_modules/egg-multipart/app.js",
    "start": 1605145554204,
    "end": 1605145554204,
    "duration": 0,
    "pid": 71842,
    "index": 65
  },
  {
    "name": "Require(56) node_modules/egg-development/app.js",
    "start": 1605145554204,
    "end": 1605145554204,
    "duration": 0,
    "pid": 71842,
    "index": 66
  },
  {
    "name": "Require(57) node_modules/egg-logrotator/app.js",
    "start": 1605145554204,
    "end": 1605145554204,
    "duration": 0,
    "pid": 71842,
    "index": 67
  },
  {
    "name": "Require(58) node_modules/egg-static/app.js",
    "start": 1605145554205,
    "end": 1605145554205,
    "duration": 0,
    "pid": 71842,
    "index": 68
  },
  {
    "name": "Require(59) node_modules/egg-validate/app.js",
    "start": 1605145554205,
    "end": 1605145554205,
    "duration": 0,
    "pid": 71842,
    "index": 69
  },
  {
    "name": "Require(60) node_modules/egg-view-ejs/app.js",
    "start": 1605145554205,
    "end": 1605145554206,
    "duration": 1,
    "pid": 71842,
    "index": 70
  },
  {
    "name": "Require(61) node_modules/egg-mysql/app.js",
    "start": 1605145554206,
    "end": 1605145554212,
    "duration": 6,
    "pid": 71842,
    "index": 71
  },
  {
    "name": "Require(62) node_modules/egg-sequelize/app.js",
    "start": 1605145554212,
    "end": 1605145554212,
    "duration": 0,
    "pid": 71842,
    "index": 72
  },
  {
    "name": "Require(63) node_modules/egg-jwt/app.js",
    "start": 1605145554212,
    "end": 1605145554212,
    "duration": 0,
    "pid": 71842,
    "index": 73
  },
  {
    "name": "Require(64) node_modules/egg-redis/app.js",
    "start": 1605145554212,
    "end": 1605145554213,
    "duration": 1,
    "pid": 71842,
    "index": 74
  },
  {
    "name": "Require(65) app.js",
    "start": 1605145554213,
    "end": 1605145554213,
    "duration": 0,
    "pid": 71842,
    "index": 75
  },
  {
    "name": "Before Start in node_modules/egg-watcher/lib/init.js:15:14",
    "start": 1605145554218,
    "end": 1605145554509,
    "duration": 291,
    "pid": 71842,
    "index": 76
  },
  {
    "name": "Before Start in node_modules/egg-mysql/lib/mysql.js:20:7",
    "start": 1605145554264,
    "end": 1605145554517,
    "duration": 253,
    "pid": 71842,
    "index": 77
  },
  {
    "name": "Load \"Symbol(model)\" to Application",
    "start": 1605145554396,
    "end": 1605145554404,
    "duration": 8,
    "pid": 71842,
    "index": 78
  },
  {
    "name": "Before Start in node_modules/egg-sequelize/lib/loader.js:39:7",
    "start": 1605145554407,
    "end": 1605145554534,
    "duration": 127,
    "pid": 71842,
    "index": 79
  },
  {
    "name": "Before Start in node_modules/egg-redis/lib/redis.js:53:7",
    "start": 1605145554432,
    "end": 1605145554507,
    "duration": 75,
    "pid": 71842,
    "index": 80
  },
  {
    "name": "Load Service",
    "start": 1605145554432,
    "end": 1605145554438,
    "duration": 6,
    "pid": 71842,
    "index": 81
  },
  {
    "name": "Load \"service\" to Context",
    "start": 1605145554432,
    "end": 1605145554438,
    "duration": 6,
    "pid": 71842,
    "index": 82
  },
  {
    "name": "Load Middleware",
    "start": 1605145554438,
    "end": 1605145554484,
    "duration": 46,
    "pid": 71842,
    "index": 83
  },
  {
    "name": "Load \"middlewares\" to Application",
    "start": 1605145554438,
    "end": 1605145554477,
    "duration": 39,
    "pid": 71842,
    "index": 84
  },
  {
    "name": "Load Controller",
    "start": 1605145554484,
    "end": 1605145554487,
    "duration": 3,
    "pid": 71842,
    "index": 85
  },
  {
    "name": "Load \"controller\" to Application",
    "start": 1605145554484,
    "end": 1605145554487,
    "duration": 3,
    "pid": 71842,
    "index": 86
  },
  {
    "name": "Load Router",
    "start": 1605145554487,
    "end": 1605145554488,
    "duration": 1,
    "pid": 71842,
    "index": 87
  },
  {
    "name": "Require(66) app/router.js",
    "start": 1605145554487,
    "end": 1605145554487,
    "duration": 0,
    "pid": 71842,
    "index": 88
  },
  {
    "name": "Before Start in node_modules/egg-core/lib/egg.js:303:10",
    "start": 1605145554487,
    "end": 1605145554499,
    "duration": 12,
    "pid": 71842,
    "index": 89
  }
]