[
  {
    "name": "Process Start",
    "start": 1605143643438,
    "end": 1605143643829,
    "duration": 391,
    "pid": 70955,
    "index": 0
  },
  {
    "name": "Application Start",
    "start": 1605143643830,
    "end": 1605143644233,
    "duration": 403,
    "pid": 70955,
    "index": 1
  },
  {
    "name": "Load Plugin",
    "start": 1605143643833,
    "end": 1605143643840,
    "duration": 7,
    "pid": 70955,
    "index": 2
  },
  {
    "name": "Load Config",
    "start": 1605143643840,
    "end": 1605143643851,
    "duration": 11,
    "pid": 70955,
    "index": 3
  },
  {
    "name": "Require(0) config/config.default.js",
    "start": 1605143643840,
    "end": 1605143643841,
    "duration": 1,
    "pid": 70955,
    "index": 4
  },
  {
    "name": "Require(1) node_modules/egg-session/config/config.default.js",
    "start": 1605143643842,
    "end": 1605143643842,
    "duration": 0,
    "pid": 70955,
    "index": 5
  },
  {
    "name": "Require(2) node_modules/egg-security/config/config.default.js",
    "start": 1605143643842,
    "end": 1605143643842,
    "duration": 0,
    "pid": 70955,
    "index": 6
  },
  {
    "name": "Require(3) node_modules/egg-jsonp/config/config.default.js",
    "start": 1605143643842,
    "end": 1605143643843,
    "duration": 1,
    "pid": 70955,
    "index": 7
  },
  {
    "name": "Require(4) node_modules/egg-onerror/config/config.default.js",
    "start": 1605143643843,
    "end": 1605143643843,
    "duration": 0,
    "pid": 70955,
    "index": 8
  },
  {
    "name": "Require(5) node_modules/egg-i18n/config/config.default.js",
    "start": 1605143643843,
    "end": 1605143643843,
    "duration": 0,
    "pid": 70955,
    "index": 9
  },
  {
    "name": "Require(6) node_modules/egg-watcher/config/config.default.js",
    "start": 1605143643844,
    "end": 1605143643844,
    "duration": 0,
    "pid": 70955,
    "index": 10
  },
  {
    "name": "Require(7) node_modules/egg-schedule/config/config.default.js",
    "start": 1605143643844,
    "end": 1605143643844,
    "duration": 0,
    "pid": 70955,
    "index": 11
  },
  {
    "name": "Require(8) node_modules/egg-multipart/config/config.default.js",
    "start": 1605143643844,
    "end": 1605143643844,
    "duration": 0,
    "pid": 70955,
    "index": 12
  },
  {
    "name": "Require(9) node_modules/egg-development/config/config.default.js",
    "start": 1605143643845,
    "end": 1605143643845,
    "duration": 0,
    "pid": 70955,
    "index": 13
  },
  {
    "name": "Require(10) node_modules/egg-logrotator/config/config.default.js",
    "start": 1605143643845,
    "end": 1605143643845,
    "duration": 0,
    "pid": 70955,
    "index": 14
  },
  {
    "name": "Require(11) node_modules/egg-static/config/config.default.js",
    "start": 1605143643845,
    "end": 1605143643845,
    "duration": 0,
    "pid": 70955,
    "index": 15
  },
  {
    "name": "Require(12) node_modules/egg-view/config/config.default.js",
    "start": 1605143643846,
    "end": 1605143643846,
    "duration": 0,
    "pid": 70955,
    "index": 16
  },
  {
    "name": "Require(13) node_modules/egg-validate/config/config.default.js",
    "start": 1605143643846,
    "end": 1605143643846,
    "duration": 0,
    "pid": 70955,
    "index": 17
  },
  {
    "name": "Require(14) node_modules/egg-view-ejs/config/config.default.js",
    "start": 1605143643846,
    "end": 1605143643846,
    "duration": 0,
    "pid": 70955,
    "index": 18
  },
  {
    "name": "Require(15) node_modules/egg-mysql/config/config.default.js",
    "start": 1605143643847,
    "end": 1605143643847,
    "duration": 0,
    "pid": 70955,
    "index": 19
  },
  {
    "name": "Require(16) node_modules/egg-sequelize/config/config.default.js",
    "start": 1605143643847,
    "end": 1605143643847,
    "duration": 0,
    "pid": 70955,
    "index": 20
  },
  {
    "name": "Require(17) node_modules/egg-jwt/config/config.default.js",
    "start": 1605143643847,
    "end": 1605143643847,
    "duration": 0,
    "pid": 70955,
    "index": 21
  },
  {
    "name": "Require(18) node_modules/egg-redis/config/config.default.js",
    "start": 1605143643848,
    "end": 1605143643848,
    "duration": 0,
    "pid": 70955,
    "index": 22
  },
  {
    "name": "Require(19) node_modules/egg/config/config.default.js",
    "start": 1605143643848,
    "end": 1605143643848,
    "duration": 0,
    "pid": 70955,
    "index": 23
  },
  {
    "name": "Require(20) config/config.default.js",
    "start": 1605143643849,
    "end": 1605143643849,
    "duration": 0,
    "pid": 70955,
    "index": 24
  },
  {
    "name": "Require(21) node_modules/egg-security/config/config.local.js",
    "start": 1605143643849,
    "end": 1605143643850,
    "duration": 1,
    "pid": 70955,
    "index": 25
  },
  {
    "name": "Require(22) node_modules/egg-watcher/config/config.local.js",
    "start": 1605143643850,
    "end": 1605143643850,
    "duration": 0,
    "pid": 70955,
    "index": 26
  },
  {
    "name": "Require(23) node_modules/egg-view/config/config.local.js",
    "start": 1605143643850,
    "end": 1605143643850,
    "duration": 0,
    "pid": 70955,
    "index": 27
  },
  {
    "name": "Require(24) node_modules/egg-view-ejs/config/config.local.js",
    "start": 1605143643850,
    "end": 1605143643851,
    "duration": 1,
    "pid": 70955,
    "index": 28
  },
  {
    "name": "Require(25) node_modules/egg/config/config.local.js",
    "start": 1605143643851,
    "end": 1605143643851,
    "duration": 0,
    "pid": 70955,
    "index": 29
  },
  {
    "name": "Load extend/application.js",
    "start": 1605143643852,
    "end": 1605143643870,
    "duration": 18,
    "pid": 70955,
    "index": 30
  },
  {
    "name": "Require(26) node_modules/egg-session/app/extend/application.js",
    "start": 1605143643852,
    "end": 1605143643852,
    "duration": 0,
    "pid": 70955,
    "index": 31
  },
  {
    "name": "Require(27) node_modules/egg-security/app/extend/application.js",
    "start": 1605143643852,
    "end": 1605143643853,
    "duration": 1,
    "pid": 70955,
    "index": 32
  },
  {
    "name": "Require(28) node_modules/egg-jsonp/app/extend/application.js",
    "start": 1605143643853,
    "end": 1605143643853,
    "duration": 0,
    "pid": 70955,
    "index": 33
  },
  {
    "name": "Require(29) node_modules/egg-logrotator/app/extend/application.js",
    "start": 1605143643854,
    "end": 1605143643854,
    "duration": 0,
    "pid": 70955,
    "index": 34
  },
  {
    "name": "Require(30) node_modules/egg-view/app/extend/application.js",
    "start": 1605143643854,
    "end": 1605143643855,
    "duration": 1,
    "pid": 70955,
    "index": 35
  },
  {
    "name": "Require(31) node_modules/egg-jwt/app/extend/application.js",
    "start": 1605143643855,
    "end": 1605143643868,
    "duration": 13,
    "pid": 70955,
    "index": 36
  },
  {
    "name": "Require(32) app/extend/application.js",
    "start": 1605143643869,
    "end": 1605143643869,
    "duration": 0,
    "pid": 70955,
    "index": 37
  },
  {
    "name": "Load extend/request.js",
    "start": 1605143643870,
    "end": 1605143643874,
    "duration": 4,
    "pid": 70955,
    "index": 38
  },
  {
    "name": "Require(33) node_modules/egg/app/extend/request.js",
    "start": 1605143643871,
    "end": 1605143643871,
    "duration": 0,
    "pid": 70955,
    "index": 39
  },
  {
    "name": "Require(34) app/extend/request.js",
    "start": 1605143643871,
    "end": 1605143643871,
    "duration": 0,
    "pid": 70955,
    "index": 40
  },
  {
    "name": "Load extend/response.js",
    "start": 1605143643874,
    "end": 1605143643877,
    "duration": 3,
    "pid": 70955,
    "index": 41
  },
  {
    "name": "Require(35) node_modules/egg/app/extend/response.js",
    "start": 1605143643875,
    "end": 1605143643875,
    "duration": 0,
    "pid": 70955,
    "index": 42
  },
  {
    "name": "Require(36) app/extend/response.js",
    "start": 1605143643875,
    "end": 1605143643875,
    "duration": 0,
    "pid": 70955,
    "index": 43
  },
  {
    "name": "Load extend/context.js",
    "start": 1605143643877,
    "end": 1605143643904,
    "duration": 27,
    "pid": 70955,
    "index": 44
  },
  {
    "name": "Require(37) node_modules/egg-security/app/extend/context.js",
    "start": 1605143643877,
    "end": 1605143643880,
    "duration": 3,
    "pid": 70955,
    "index": 45
  },
  {
    "name": "Require(38) node_modules/egg-jsonp/app/extend/context.js",
    "start": 1605143643880,
    "end": 1605143643881,
    "duration": 1,
    "pid": 70955,
    "index": 46
  },
  {
    "name": "Require(39) node_modules/egg-i18n/app/extend/context.js",
    "start": 1605143643881,
    "end": 1605143643881,
    "duration": 0,
    "pid": 70955,
    "index": 47
  },
  {
    "name": "Require(40) node_modules/egg-multipart/app/extend/context.js",
    "start": 1605143643881,
    "end": 1605143643901,
    "duration": 20,
    "pid": 70955,
    "index": 48
  },
  {
    "name": "Require(41) node_modules/egg-view/app/extend/context.js",
    "start": 1605143643901,
    "end": 1605143643901,
    "duration": 0,
    "pid": 70955,
    "index": 49
  },
  {
    "name": "Require(42) node_modules/egg-validate/app/extend/context.js",
    "start": 1605143643901,
    "end": 1605143643901,
    "duration": 0,
    "pid": 70955,
    "index": 50
  },
  {
    "name": "Require(43) lib/plugin/egg-info/app/extend/context.js",
    "start": 1605143643902,
    "end": 1605143643902,
    "duration": 0,
    "pid": 70955,
    "index": 51
  },
  {
    "name": "Require(44) node_modules/egg/app/extend/context.js",
    "start": 1605143643902,
    "end": 1605143643903,
    "duration": 1,
    "pid": 70955,
    "index": 52
  },
  {
    "name": "Require(45) app/extend/context.js",
    "start": 1605143643903,
    "end": 1605143643903,
    "duration": 0,
    "pid": 70955,
    "index": 53
  },
  {
    "name": "Load extend/helper.js",
    "start": 1605143643904,
    "end": 1605143643913,
    "duration": 9,
    "pid": 70955,
    "index": 54
  },
  {
    "name": "Require(46) node_modules/egg-security/app/extend/helper.js",
    "start": 1605143643904,
    "end": 1605143643910,
    "duration": 6,
    "pid": 70955,
    "index": 55
  },
  {
    "name": "Require(47) node_modules/egg/app/extend/helper.js",
    "start": 1605143643911,
    "end": 1605143643911,
    "duration": 0,
    "pid": 70955,
    "index": 56
  },
  {
    "name": "Require(48) app/extend/helper.js",
    "start": 1605143643911,
    "end": 1605143643912,
    "duration": 1,
    "pid": 70955,
    "index": 57
  },
  {
    "name": "Load app.js",
    "start": 1605143643913,
    "end": 1605143643932,
    "duration": 19,
    "pid": 70955,
    "index": 58
  },
  {
    "name": "Require(49) node_modules/egg-session/app.js",
    "start": 1605143643913,
    "end": 1605143643913,
    "duration": 0,
    "pid": 70955,
    "index": 59
  },
  {
    "name": "Require(50) node_modules/egg-security/app.js",
    "start": 1605143643913,
    "end": 1605143643913,
    "duration": 0,
    "pid": 70955,
    "index": 60
  },
  {
    "name": "Require(51) node_modules/egg-onerror/app.js",
    "start": 1605143643914,
    "end": 1605143643916,
    "duration": 2,
    "pid": 70955,
    "index": 61
  },
  {
    "name": "Require(52) node_modules/egg-i18n/app.js",
    "start": 1605143643917,
    "end": 1605143643922,
    "duration": 5,
    "pid": 70955,
    "index": 62
  },
  {
    "name": "Require(53) node_modules/egg-watcher/app.js",
    "start": 1605143643922,
    "end": 1605143643923,
    "duration": 1,
    "pid": 70955,
    "index": 63
  },
  {
    "name": "Require(54) node_modules/egg-schedule/app.js",
    "start": 1605143643923,
    "end": 1605143643924,
    "duration": 1,
    "pid": 70955,
    "index": 64
  },
  {
    "name": "Require(55) node_modules/egg-multipart/app.js",
    "start": 1605143643924,
    "end": 1605143643924,
    "duration": 0,
    "pid": 70955,
    "index": 65
  },
  {
    "name": "Require(56) node_modules/egg-development/app.js",
    "start": 1605143643924,
    "end": 1605143643924,
    "duration": 0,
    "pid": 70955,
    "index": 66
  },
  {
    "name": "Require(57) node_modules/egg-logrotator/app.js",
    "start": 1605143643924,
    "end": 1605143643924,
    "duration": 0,
    "pid": 70955,
    "index": 67
  },
  {
    "name": "Require(58) node_modules/egg-static/app.js",
    "start": 1605143643924,
    "end": 1605143643925,
    "duration": 1,
    "pid": 70955,
    "index": 68
  },
  {
    "name": "Require(59) node_modules/egg-validate/app.js",
    "start": 1605143643925,
    "end": 1605143643925,
    "duration": 0,
    "pid": 70955,
    "index": 69
  },
  {
    "name": "Require(60) node_modules/egg-view-ejs/app.js",
    "start": 1605143643925,
    "end": 1605143643926,
    "duration": 1,
    "pid": 70955,
    "index": 70
  },
  {
    "name": "Require(61) node_modules/egg-mysql/app.js",
    "start": 1605143643926,
    "end": 1605143643931,
    "duration": 5,
    "pid": 70955,
    "index": 71
  },
  {
    "name": "Require(62) node_modules/egg-sequelize/app.js",
    "start": 1605143643931,
    "end": 1605143643931,
    "duration": 0,
    "pid": 70955,
    "index": 72
  },
  {
    "name": "Require(63) node_modules/egg-jwt/app.js",
    "start": 1605143643931,
    "end": 1605143643931,
    "duration": 0,
    "pid": 70955,
    "index": 73
  },
  {
    "name": "Require(64) node_modules/egg-redis/app.js",
    "start": 1605143643931,
    "end": 1605143643932,
    "duration": 1,
    "pid": 70955,
    "index": 74
  },
  {
    "name": "Require(65) app.js",
    "start": 1605143643932,
    "end": 1605143643932,
    "duration": 0,
    "pid": 70955,
    "index": 75
  },
  {
    "name": "Before Start in node_modules/egg-watcher/lib/init.js:15:14",
    "start": 1605143643937,
    "end": 1605143644207,
    "duration": 270,
    "pid": 70955,
    "index": 76
  },
  {
    "name": "Before Start in node_modules/egg-mysql/lib/mysql.js:20:7",
    "start": 1605143643980,
    "end": 1605143644214,
    "duration": 234,
    "pid": 70955,
    "index": 77
  },
  {
    "name": "Load \"Symbol(model)\" to Application",
    "start": 1605143644099,
    "end": 1605143644107,
    "duration": 8,
    "pid": 70955,
    "index": 78
  },
  {
    "name": "Before Start in node_modules/egg-sequelize/lib/loader.js:39:7",
    "start": 1605143644109,
    "end": 1605143644233,
    "duration": 124,
    "pid": 70955,
    "index": 79
  },
  {
    "name": "Before Start in node_modules/egg-redis/lib/redis.js:53:7",
    "start": 1605143644131,
    "end": 1605143644205,
    "duration": 74,
    "pid": 70955,
    "index": 80
  },
  {
    "name": "Load Service",
    "start": 1605143644131,
    "end": 1605143644137,
    "duration": 6,
    "pid": 70955,
    "index": 81
  },
  {
    "name": "Load \"service\" to Context",
    "start": 1605143644131,
    "end": 1605143644137,
    "duration": 6,
    "pid": 70955,
    "index": 82
  },
  {
    "name": "Load Middleware",
    "start": 1605143644137,
    "end": 1605143644178,
    "duration": 41,
    "pid": 70955,
    "index": 83
  },
  {
    "name": "Load \"middlewares\" to Application",
    "start": 1605143644137,
    "end": 1605143644172,
    "duration": 35,
    "pid": 70955,
    "index": 84
  },
  {
    "name": "Load Controller",
    "start": 1605143644178,
    "end": 1605143644180,
    "duration": 2,
    "pid": 70955,
    "index": 85
  },
  {
    "name": "Load \"controller\" to Application",
    "start": 1605143644178,
    "end": 1605143644180,
    "duration": 2,
    "pid": 70955,
    "index": 86
  },
  {
    "name": "Load Router",
    "start": 1605143644180,
    "end": 1605143644181,
    "duration": 1,
    "pid": 70955,
    "index": 87
  },
  {
    "name": "Require(66) app/router.js",
    "start": 1605143644180,
    "end": 1605143644180,
    "duration": 0,
    "pid": 70955,
    "index": 88
  },
  {
    "name": "Before Start in node_modules/egg-core/lib/egg.js:303:10",
    "start": 1605143644180,
    "end": 1605143644197,
    "duration": 17,
    "pid": 70955,
    "index": 89
  }
]