[
  {
    "name": "Process Start",
    "start": 1605165081714,
    "end": 1605165082214,
    "duration": 500,
    "pid": 79975,
    "index": 0
  },
  {
    "name": "Application Start",
    "start": 1605165082215,
    "end": 1605165082802,
    "duration": 587,
    "pid": 79975,
    "index": 1
  },
  {
    "name": "Load Plugin",
    "start": 1605165082218,
    "end": 1605165082227,
    "duration": 9,
    "pid": 79975,
    "index": 2
  },
  {
    "name": "Load Config",
    "start": 1605165082227,
    "end": 1605165082241,
    "duration": 14,
    "pid": 79975,
    "index": 3
  },
  {
    "name": "Require(0) config/config.default.js",
    "start": 1605165082227,
    "end": 1605165082227,
    "duration": 0,
    "pid": 79975,
    "index": 4
  },
  {
    "name": "Require(1) node_modules/egg-session/config/config.default.js",
    "start": 1605165082228,
    "end": 1605165082229,
    "duration": 1,
    "pid": 79975,
    "index": 5
  },
  {
    "name": "Require(2) node_modules/egg-security/config/config.default.js",
    "start": 1605165082229,
    "end": 1605165082229,
    "duration": 0,
    "pid": 79975,
    "index": 6
  },
  {
    "name": "Require(3) node_modules/egg-jsonp/config/config.default.js",
    "start": 1605165082229,
    "end": 1605165082230,
    "duration": 1,
    "pid": 79975,
    "index": 7
  },
  {
    "name": "Require(4) node_modules/egg-onerror/config/config.default.js",
    "start": 1605165082230,
    "end": 1605165082230,
    "duration": 0,
    "pid": 79975,
    "index": 8
  },
  {
    "name": "Require(5) node_modules/egg-i18n/config/config.default.js",
    "start": 1605165082230,
    "end": 1605165082230,
    "duration": 0,
    "pid": 79975,
    "index": 9
  },
  {
    "name": "Require(6) node_modules/egg-watcher/config/config.default.js",
    "start": 1605165082231,
    "end": 1605165082231,
    "duration": 0,
    "pid": 79975,
    "index": 10
  },
  {
    "name": "Require(7) node_modules/egg-schedule/config/config.default.js",
    "start": 1605165082231,
    "end": 1605165082231,
    "duration": 0,
    "pid": 79975,
    "index": 11
  },
  {
    "name": "Require(8) node_modules/egg-multipart/config/config.default.js",
    "start": 1605165082232,
    "end": 1605165082232,
    "duration": 0,
    "pid": 79975,
    "index": 12
  },
  {
    "name": "Require(9) node_modules/egg-development/config/config.default.js",
    "start": 1605165082232,
    "end": 1605165082232,
    "duration": 0,
    "pid": 79975,
    "index": 13
  },
  {
    "name": "Require(10) node_modules/egg-logrotator/config/config.default.js",
    "start": 1605165082232,
    "end": 1605165082233,
    "duration": 1,
    "pid": 79975,
    "index": 14
  },
  {
    "name": "Require(11) node_modules/egg-static/config/config.default.js",
    "start": 1605165082233,
    "end": 1605165082233,
    "duration": 0,
    "pid": 79975,
    "index": 15
  },
  {
    "name": "Require(12) node_modules/egg-view/config/config.default.js",
    "start": 1605165082233,
    "end": 1605165082233,
    "duration": 0,
    "pid": 79975,
    "index": 16
  },
  {
    "name": "Require(13) node_modules/egg-validate/config/config.default.js",
    "start": 1605165082234,
    "end": 1605165082235,
    "duration": 1,
    "pid": 79975,
    "index": 17
  },
  {
    "name": "Require(14) node_modules/egg-view-ejs/config/config.default.js",
    "start": 1605165082235,
    "end": 1605165082235,
    "duration": 0,
    "pid": 79975,
    "index": 18
  },
  {
    "name": "Require(15) node_modules/egg-mysql/config/config.default.js",
    "start": 1605165082235,
    "end": 1605165082236,
    "duration": 1,
    "pid": 79975,
    "index": 19
  },
  {
    "name": "Require(16) node_modules/egg-sequelize/config/config.default.js",
    "start": 1605165082236,
    "end": 1605165082236,
    "duration": 0,
    "pid": 79975,
    "index": 20
  },
  {
    "name": "Require(17) node_modules/egg-jwt/config/config.default.js",
    "start": 1605165082236,
    "end": 1605165082236,
    "duration": 0,
    "pid": 79975,
    "index": 21
  },
  {
    "name": "Require(18) node_modules/egg-redis/config/config.default.js",
    "start": 1605165082236,
    "end": 1605165082237,
    "duration": 1,
    "pid": 79975,
    "index": 22
  },
  {
    "name": "Require(19) node_modules/egg/config/config.default.js",
    "start": 1605165082237,
    "end": 1605165082237,
    "duration": 0,
    "pid": 79975,
    "index": 23
  },
  {
    "name": "Require(20) config/config.default.js",
    "start": 1605165082238,
    "end": 1605165082238,
    "duration": 0,
    "pid": 79975,
    "index": 24
  },
  {
    "name": "Require(21) node_modules/egg-security/config/config.local.js",
    "start": 1605165082239,
    "end": 1605165082239,
    "duration": 0,
    "pid": 79975,
    "index": 25
  },
  {
    "name": "Require(22) node_modules/egg-watcher/config/config.local.js",
    "start": 1605165082239,
    "end": 1605165082239,
    "duration": 0,
    "pid": 79975,
    "index": 26
  },
  {
    "name": "Require(23) node_modules/egg-view/config/config.local.js",
    "start": 1605165082239,
    "end": 1605165082240,
    "duration": 1,
    "pid": 79975,
    "index": 27
  },
  {
    "name": "Require(24) node_modules/egg-view-ejs/config/config.local.js",
    "start": 1605165082240,
    "end": 1605165082240,
    "duration": 0,
    "pid": 79975,
    "index": 28
  },
  {
    "name": "Require(25) node_modules/egg/config/config.local.js",
    "start": 1605165082240,
    "end": 1605165082241,
    "duration": 1,
    "pid": 79975,
    "index": 29
  },
  {
    "name": "Load extend/application.js",
    "start": 1605165082242,
    "end": 1605165082281,
    "duration": 39,
    "pid": 79975,
    "index": 30
  },
  {
    "name": "Require(26) node_modules/egg-session/app/extend/application.js",
    "start": 1605165082242,
    "end": 1605165082242,
    "duration": 0,
    "pid": 79975,
    "index": 31
  },
  {
    "name": "Require(27) node_modules/egg-security/app/extend/application.js",
    "start": 1605165082242,
    "end": 1605165082243,
    "duration": 1,
    "pid": 79975,
    "index": 32
  },
  {
    "name": "Require(28) node_modules/egg-jsonp/app/extend/application.js",
    "start": 1605165082243,
    "end": 1605165082244,
    "duration": 1,
    "pid": 79975,
    "index": 33
  },
  {
    "name": "Require(29) node_modules/egg-logrotator/app/extend/application.js",
    "start": 1605165082244,
    "end": 1605165082245,
    "duration": 1,
    "pid": 79975,
    "index": 34
  },
  {
    "name": "Require(30) node_modules/egg-view/app/extend/application.js",
    "start": 1605165082245,
    "end": 1605165082246,
    "duration": 1,
    "pid": 79975,
    "index": 35
  },
  {
    "name": "Require(31) node_modules/egg-jwt/app/extend/application.js",
    "start": 1605165082246,
    "end": 1605165082279,
    "duration": 33,
    "pid": 79975,
    "index": 36
  },
  {
    "name": "Require(32) app/extend/application.js",
    "start": 1605165082279,
    "end": 1605165082279,
    "duration": 0,
    "pid": 79975,
    "index": 37
  },
  {
    "name": "Load extend/request.js",
    "start": 1605165082281,
    "end": 1605165082286,
    "duration": 5,
    "pid": 79975,
    "index": 38
  },
  {
    "name": "Require(33) node_modules/egg/app/extend/request.js",
    "start": 1605165082282,
    "end": 1605165082284,
    "duration": 2,
    "pid": 79975,
    "index": 39
  },
  {
    "name": "Require(34) app/extend/request.js",
    "start": 1605165082284,
    "end": 1605165082285,
    "duration": 1,
    "pid": 79975,
    "index": 40
  },
  {
    "name": "Load extend/response.js",
    "start": 1605165082286,
    "end": 1605165082292,
    "duration": 6,
    "pid": 79975,
    "index": 41
  },
  {
    "name": "Require(35) node_modules/egg/app/extend/response.js",
    "start": 1605165082287,
    "end": 1605165082289,
    "duration": 2,
    "pid": 79975,
    "index": 42
  },
  {
    "name": "Require(36) app/extend/response.js",
    "start": 1605165082290,
    "end": 1605165082290,
    "duration": 0,
    "pid": 79975,
    "index": 43
  },
  {
    "name": "Load extend/context.js",
    "start": 1605165082292,
    "end": 1605165082324,
    "duration": 32,
    "pid": 79975,
    "index": 44
  },
  {
    "name": "Require(37) node_modules/egg-security/app/extend/context.js",
    "start": 1605165082292,
    "end": 1605165082296,
    "duration": 4,
    "pid": 79975,
    "index": 45
  },
  {
    "name": "Require(38) node_modules/egg-jsonp/app/extend/context.js",
    "start": 1605165082296,
    "end": 1605165082296,
    "duration": 0,
    "pid": 79975,
    "index": 46
  },
  {
    "name": "Require(39) node_modules/egg-i18n/app/extend/context.js",
    "start": 1605165082296,
    "end": 1605165082296,
    "duration": 0,
    "pid": 79975,
    "index": 47
  },
  {
    "name": "Require(40) node_modules/egg-multipart/app/extend/context.js",
    "start": 1605165082297,
    "end": 1605165082321,
    "duration": 24,
    "pid": 79975,
    "index": 48
  },
  {
    "name": "Require(41) node_modules/egg-view/app/extend/context.js",
    "start": 1605165082321,
    "end": 1605165082322,
    "duration": 1,
    "pid": 79975,
    "index": 49
  },
  {
    "name": "Require(42) node_modules/egg-validate/app/extend/context.js",
    "start": 1605165082322,
    "end": 1605165082322,
    "duration": 0,
    "pid": 79975,
    "index": 50
  },
  {
    "name": "Require(43) lib/plugin/egg-info/app/extend/context.js",
    "start": 1605165082322,
    "end": 1605165082322,
    "duration": 0,
    "pid": 79975,
    "index": 51
  },
  {
    "name": "Require(44) node_modules/egg/app/extend/context.js",
    "start": 1605165082323,
    "end": 1605165082323,
    "duration": 0,
    "pid": 79975,
    "index": 52
  },
  {
    "name": "Require(45) app/extend/context.js",
    "start": 1605165082323,
    "end": 1605165082323,
    "duration": 0,
    "pid": 79975,
    "index": 53
  },
  {
    "name": "Load extend/helper.js",
    "start": 1605165082324,
    "end": 1605165082342,
    "duration": 18,
    "pid": 79975,
    "index": 54
  },
  {
    "name": "Require(46) node_modules/egg-security/app/extend/helper.js",
    "start": 1605165082325,
    "end": 1605165082337,
    "duration": 12,
    "pid": 79975,
    "index": 55
  },
  {
    "name": "Require(47) node_modules/egg/app/extend/helper.js",
    "start": 1605165082339,
    "end": 1605165082339,
    "duration": 0,
    "pid": 79975,
    "index": 56
  },
  {
    "name": "Require(48) app/extend/helper.js",
    "start": 1605165082339,
    "end": 1605165082341,
    "duration": 2,
    "pid": 79975,
    "index": 57
  },
  {
    "name": "Load app.js",
    "start": 1605165082342,
    "end": 1605165082385,
    "duration": 43,
    "pid": 79975,
    "index": 58
  },
  {
    "name": "Require(49) node_modules/egg-session/app.js",
    "start": 1605165082342,
    "end": 1605165082343,
    "duration": 1,
    "pid": 79975,
    "index": 59
  },
  {
    "name": "Require(50) node_modules/egg-security/app.js",
    "start": 1605165082343,
    "end": 1605165082344,
    "duration": 1,
    "pid": 79975,
    "index": 60
  },
  {
    "name": "Require(51) node_modules/egg-onerror/app.js",
    "start": 1605165082344,
    "end": 1605165082354,
    "duration": 10,
    "pid": 79975,
    "index": 61
  },
  {
    "name": "Require(52) node_modules/egg-i18n/app.js",
    "start": 1605165082354,
    "end": 1605165082364,
    "duration": 10,
    "pid": 79975,
    "index": 62
  },
  {
    "name": "Require(53) node_modules/egg-watcher/app.js",
    "start": 1605165082364,
    "end": 1605165082367,
    "duration": 3,
    "pid": 79975,
    "index": 63
  },
  {
    "name": "Require(54) node_modules/egg-schedule/app.js",
    "start": 1605165082367,
    "end": 1605165082370,
    "duration": 3,
    "pid": 79975,
    "index": 64
  },
  {
    "name": "Require(55) node_modules/egg-multipart/app.js",
    "start": 1605165082370,
    "end": 1605165082371,
    "duration": 1,
    "pid": 79975,
    "index": 65
  },
  {
    "name": "Require(56) node_modules/egg-development/app.js",
    "start": 1605165082371,
    "end": 1605165082371,
    "duration": 0,
    "pid": 79975,
    "index": 66
  },
  {
    "name": "Require(57) node_modules/egg-logrotator/app.js",
    "start": 1605165082371,
    "end": 1605165082372,
    "duration": 1,
    "pid": 79975,
    "index": 67
  },
  {
    "name": "Require(58) node_modules/egg-static/app.js",
    "start": 1605165082372,
    "end": 1605165082372,
    "duration": 0,
    "pid": 79975,
    "index": 68
  },
  {
    "name": "Require(59) node_modules/egg-validate/app.js",
    "start": 1605165082373,
    "end": 1605165082375,
    "duration": 2,
    "pid": 79975,
    "index": 69
  },
  {
    "name": "Require(60) node_modules/egg-view-ejs/app.js",
    "start": 1605165082375,
    "end": 1605165082375,
    "duration": 0,
    "pid": 79975,
    "index": 70
  },
  {
    "name": "Require(61) node_modules/egg-mysql/app.js",
    "start": 1605165082376,
    "end": 1605165082381,
    "duration": 5,
    "pid": 79975,
    "index": 71
  },
  {
    "name": "Require(62) node_modules/egg-sequelize/app.js",
    "start": 1605165082381,
    "end": 1605165082382,
    "duration": 1,
    "pid": 79975,
    "index": 72
  },
  {
    "name": "Require(63) node_modules/egg-jwt/app.js",
    "start": 1605165082382,
    "end": 1605165082382,
    "duration": 0,
    "pid": 79975,
    "index": 73
  },
  {
    "name": "Require(64) node_modules/egg-redis/app.js",
    "start": 1605165082382,
    "end": 1605165082383,
    "duration": 1,
    "pid": 79975,
    "index": 74
  },
  {
    "name": "Require(65) app.js",
    "start": 1605165082384,
    "end": 1605165082385,
    "duration": 1,
    "pid": 79975,
    "index": 75
  },
  {
    "name": "Before Start in node_modules/egg-watcher/lib/init.js:15:14",
    "start": 1605165082393,
    "end": 1605165082766,
    "duration": 373,
    "pid": 79975,
    "index": 76
  },
  {
    "name": "Before Start in node_modules/egg-mysql/lib/mysql.js:20:7",
    "start": 1605165082465,
    "end": 1605165082777,
    "duration": 312,
    "pid": 79975,
    "index": 77
  },
  {
    "name": "Load \"Symbol(model)\" to Application",
    "start": 1605165082595,
    "end": 1605165082604,
    "duration": 9,
    "pid": 79975,
    "index": 78
  },
  {
    "name": "Before Start in node_modules/egg-sequelize/lib/loader.js:39:7",
    "start": 1605165082607,
    "end": 1605165082802,
    "duration": 195,
    "pid": 79975,
    "index": 79
  },
  {
    "name": "Before Start in node_modules/egg-redis/lib/redis.js:53:7",
    "start": 1605165082647,
    "end": 1605165082765,
    "duration": 118,
    "pid": 79975,
    "index": 80
  },
  {
    "name": "Load Service",
    "start": 1605165082647,
    "end": 1605165082658,
    "duration": 11,
    "pid": 79975,
    "index": 81
  },
  {
    "name": "Load \"service\" to Context",
    "start": 1605165082647,
    "end": 1605165082658,
    "duration": 11,
    "pid": 79975,
    "index": 82
  },
  {
    "name": "Load Middleware",
    "start": 1605165082658,
    "end": 1605165082740,
    "duration": 82,
    "pid": 79975,
    "index": 83
  },
  {
    "name": "Load \"middlewares\" to Application",
    "start": 1605165082658,
    "end": 1605165082732,
    "duration": 74,
    "pid": 79975,
    "index": 84
  },
  {
    "name": "Load Controller",
    "start": 1605165082740,
    "end": 1605165082743,
    "duration": 3,
    "pid": 79975,
    "index": 85
  },
  {
    "name": "Load \"controller\" to Application",
    "start": 1605165082740,
    "end": 1605165082743,
    "duration": 3,
    "pid": 79975,
    "index": 86
  },
  {
    "name": "Load Router",
    "start": 1605165082743,
    "end": 1605165082744,
    "duration": 1,
    "pid": 79975,
    "index": 87
  },
  {
    "name": "Require(66) app/router.js",
    "start": 1605165082743,
    "end": 1605165082743,
    "duration": 0,
    "pid": 79975,
    "index": 88
  },
  {
    "name": "Before Start in node_modules/egg-core/lib/egg.js:303:10",
    "start": 1605165082743,
    "end": 1605165082755,
    "duration": 12,
    "pid": 79975,
    "index": 89
  }
]