[
  {
    "name": "Process Start",
    "start": 1605144589082,
    "end": 1605144589499,
    "duration": 417,
    "pid": 71339,
    "index": 0
  },
  {
    "name": "Application Start",
    "start": 1605144589499,
    "end": 1605144589980,
    "duration": 481,
    "pid": 71339,
    "index": 1
  },
  {
    "name": "Load Plugin",
    "start": 1605144589502,
    "end": 1605144589515,
    "duration": 13,
    "pid": 71339,
    "index": 2
  },
  {
    "name": "Load Config",
    "start": 1605144589515,
    "end": 1605144589529,
    "duration": 14,
    "pid": 71339,
    "index": 3
  },
  {
    "name": "Require(0) config/config.default.js",
    "start": 1605144589515,
    "end": 1605144589515,
    "duration": 0,
    "pid": 71339,
    "index": 4
  },
  {
    "name": "Require(1) node_modules/egg-session/config/config.default.js",
    "start": 1605144589516,
    "end": 1605144589516,
    "duration": 0,
    "pid": 71339,
    "index": 5
  },
  {
    "name": "Require(2) node_modules/egg-security/config/config.default.js",
    "start": 1605144589517,
    "end": 1605144589517,
    "duration": 0,
    "pid": 71339,
    "index": 6
  },
  {
    "name": "Require(3) node_modules/egg-jsonp/config/config.default.js",
    "start": 1605144589517,
    "end": 1605144589518,
    "duration": 1,
    "pid": 71339,
    "index": 7
  },
  {
    "name": "Require(4) node_modules/egg-onerror/config/config.default.js",
    "start": 1605144589518,
    "end": 1605144589518,
    "duration": 0,
    "pid": 71339,
    "index": 8
  },
  {
    "name": "Require(5) node_modules/egg-i18n/config/config.default.js",
    "start": 1605144589518,
    "end": 1605144589518,
    "duration": 0,
    "pid": 71339,
    "index": 9
  },
  {
    "name": "Require(6) node_modules/egg-watcher/config/config.default.js",
    "start": 1605144589519,
    "end": 1605144589519,
    "duration": 0,
    "pid": 71339,
    "index": 10
  },
  {
    "name": "Require(7) node_modules/egg-schedule/config/config.default.js",
    "start": 1605144589519,
    "end": 1605144589520,
    "duration": 1,
    "pid": 71339,
    "index": 11
  },
  {
    "name": "Require(8) node_modules/egg-multipart/config/config.default.js",
    "start": 1605144589520,
    "end": 1605144589520,
    "duration": 0,
    "pid": 71339,
    "index": 12
  },
  {
    "name": "Require(9) node_modules/egg-development/config/config.default.js",
    "start": 1605144589520,
    "end": 1605144589520,
    "duration": 0,
    "pid": 71339,
    "index": 13
  },
  {
    "name": "Require(10) node_modules/egg-logrotator/config/config.default.js",
    "start": 1605144589521,
    "end": 1605144589521,
    "duration": 0,
    "pid": 71339,
    "index": 14
  },
  {
    "name": "Require(11) node_modules/egg-static/config/config.default.js",
    "start": 1605144589521,
    "end": 1605144589521,
    "duration": 0,
    "pid": 71339,
    "index": 15
  },
  {
    "name": "Require(12) node_modules/egg-view/config/config.default.js",
    "start": 1605144589521,
    "end": 1605144589521,
    "duration": 0,
    "pid": 71339,
    "index": 16
  },
  {
    "name": "Require(13) node_modules/egg-validate/config/config.default.js",
    "start": 1605144589522,
    "end": 1605144589522,
    "duration": 0,
    "pid": 71339,
    "index": 17
  },
  {
    "name": "Require(14) node_modules/egg-view-ejs/config/config.default.js",
    "start": 1605144589522,
    "end": 1605144589522,
    "duration": 0,
    "pid": 71339,
    "index": 18
  },
  {
    "name": "Require(15) node_modules/egg-mysql/config/config.default.js",
    "start": 1605144589522,
    "end": 1605144589523,
    "duration": 1,
    "pid": 71339,
    "index": 19
  },
  {
    "name": "Require(16) node_modules/egg-sequelize/config/config.default.js",
    "start": 1605144589523,
    "end": 1605144589523,
    "duration": 0,
    "pid": 71339,
    "index": 20
  },
  {
    "name": "Require(17) node_modules/egg-jwt/config/config.default.js",
    "start": 1605144589523,
    "end": 1605144589523,
    "duration": 0,
    "pid": 71339,
    "index": 21
  },
  {
    "name": "Require(18) node_modules/egg-redis/config/config.default.js",
    "start": 1605144589524,
    "end": 1605144589524,
    "duration": 0,
    "pid": 71339,
    "index": 22
  },
  {
    "name": "Require(19) node_modules/egg/config/config.default.js",
    "start": 1605144589524,
    "end": 1605144589524,
    "duration": 0,
    "pid": 71339,
    "index": 23
  },
  {
    "name": "Require(20) config/config.default.js",
    "start": 1605144589525,
    "end": 1605144589525,
    "duration": 0,
    "pid": 71339,
    "index": 24
  },
  {
    "name": "Require(21) node_modules/egg-security/config/config.local.js",
    "start": 1605144589526,
    "end": 1605144589526,
    "duration": 0,
    "pid": 71339,
    "index": 25
  },
  {
    "name": "Require(22) node_modules/egg-watcher/config/config.local.js",
    "start": 1605144589526,
    "end": 1605144589527,
    "duration": 1,
    "pid": 71339,
    "index": 26
  },
  {
    "name": "Require(23) node_modules/egg-view/config/config.local.js",
    "start": 1605144589528,
    "end": 1605144589528,
    "duration": 0,
    "pid": 71339,
    "index": 27
  },
  {
    "name": "Require(24) node_modules/egg-view-ejs/config/config.local.js",
    "start": 1605144589528,
    "end": 1605144589528,
    "duration": 0,
    "pid": 71339,
    "index": 28
  },
  {
    "name": "Require(25) node_modules/egg/config/config.local.js",
    "start": 1605144589529,
    "end": 1605144589529,
    "duration": 0,
    "pid": 71339,
    "index": 29
  },
  {
    "name": "Load extend/application.js",
    "start": 1605144589530,
    "end": 1605144589550,
    "duration": 20,
    "pid": 71339,
    "index": 30
  },
  {
    "name": "Require(26) node_modules/egg-session/app/extend/application.js",
    "start": 1605144589530,
    "end": 1605144589530,
    "duration": 0,
    "pid": 71339,
    "index": 31
  },
  {
    "name": "Require(27) node_modules/egg-security/app/extend/application.js",
    "start": 1605144589530,
    "end": 1605144589531,
    "duration": 1,
    "pid": 71339,
    "index": 32
  },
  {
    "name": "Require(28) node_modules/egg-jsonp/app/extend/application.js",
    "start": 1605144589531,
    "end": 1605144589531,
    "duration": 0,
    "pid": 71339,
    "index": 33
  },
  {
    "name": "Require(29) node_modules/egg-logrotator/app/extend/application.js",
    "start": 1605144589532,
    "end": 1605144589532,
    "duration": 0,
    "pid": 71339,
    "index": 34
  },
  {
    "name": "Require(30) node_modules/egg-view/app/extend/application.js",
    "start": 1605144589533,
    "end": 1605144589533,
    "duration": 0,
    "pid": 71339,
    "index": 35
  },
  {
    "name": "Require(31) node_modules/egg-jwt/app/extend/application.js",
    "start": 1605144589534,
    "end": 1605144589548,
    "duration": 14,
    "pid": 71339,
    "index": 36
  },
  {
    "name": "Require(32) app/extend/application.js",
    "start": 1605144589548,
    "end": 1605144589549,
    "duration": 1,
    "pid": 71339,
    "index": 37
  },
  {
    "name": "Load extend/request.js",
    "start": 1605144589550,
    "end": 1605144589555,
    "duration": 5,
    "pid": 71339,
    "index": 38
  },
  {
    "name": "Require(33) node_modules/egg/app/extend/request.js",
    "start": 1605144589553,
    "end": 1605144589553,
    "duration": 0,
    "pid": 71339,
    "index": 39
  },
  {
    "name": "Require(34) app/extend/request.js",
    "start": 1605144589553,
    "end": 1605144589554,
    "duration": 1,
    "pid": 71339,
    "index": 40
  },
  {
    "name": "Load extend/response.js",
    "start": 1605144589555,
    "end": 1605144589558,
    "duration": 3,
    "pid": 71339,
    "index": 41
  },
  {
    "name": "Require(35) node_modules/egg/app/extend/response.js",
    "start": 1605144589555,
    "end": 1605144589556,
    "duration": 1,
    "pid": 71339,
    "index": 42
  },
  {
    "name": "Require(36) app/extend/response.js",
    "start": 1605144589556,
    "end": 1605144589556,
    "duration": 0,
    "pid": 71339,
    "index": 43
  },
  {
    "name": "Load extend/context.js",
    "start": 1605144589558,
    "end": 1605144589588,
    "duration": 30,
    "pid": 71339,
    "index": 44
  },
  {
    "name": "Require(37) node_modules/egg-security/app/extend/context.js",
    "start": 1605144589558,
    "end": 1605144589561,
    "duration": 3,
    "pid": 71339,
    "index": 45
  },
  {
    "name": "Require(38) node_modules/egg-jsonp/app/extend/context.js",
    "start": 1605144589561,
    "end": 1605144589562,
    "duration": 1,
    "pid": 71339,
    "index": 46
  },
  {
    "name": "Require(39) node_modules/egg-i18n/app/extend/context.js",
    "start": 1605144589562,
    "end": 1605144589562,
    "duration": 0,
    "pid": 71339,
    "index": 47
  },
  {
    "name": "Require(40) node_modules/egg-multipart/app/extend/context.js",
    "start": 1605144589562,
    "end": 1605144589584,
    "duration": 22,
    "pid": 71339,
    "index": 48
  },
  {
    "name": "Require(41) node_modules/egg-view/app/extend/context.js",
    "start": 1605144589585,
    "end": 1605144589585,
    "duration": 0,
    "pid": 71339,
    "index": 49
  },
  {
    "name": "Require(42) node_modules/egg-validate/app/extend/context.js",
    "start": 1605144589585,
    "end": 1605144589585,
    "duration": 0,
    "pid": 71339,
    "index": 50
  },
  {
    "name": "Require(43) lib/plugin/egg-info/app/extend/context.js",
    "start": 1605144589586,
    "end": 1605144589586,
    "duration": 0,
    "pid": 71339,
    "index": 51
  },
  {
    "name": "Require(44) node_modules/egg/app/extend/context.js",
    "start": 1605144589586,
    "end": 1605144589587,
    "duration": 1,
    "pid": 71339,
    "index": 52
  },
  {
    "name": "Require(45) app/extend/context.js",
    "start": 1605144589587,
    "end": 1605144589587,
    "duration": 0,
    "pid": 71339,
    "index": 53
  },
  {
    "name": "Load extend/helper.js",
    "start": 1605144589588,
    "end": 1605144589597,
    "duration": 9,
    "pid": 71339,
    "index": 54
  },
  {
    "name": "Require(46) node_modules/egg-security/app/extend/helper.js",
    "start": 1605144589588,
    "end": 1605144589594,
    "duration": 6,
    "pid": 71339,
    "index": 55
  },
  {
    "name": "Require(47) node_modules/egg/app/extend/helper.js",
    "start": 1605144589595,
    "end": 1605144589595,
    "duration": 0,
    "pid": 71339,
    "index": 56
  },
  {
    "name": "Require(48) app/extend/helper.js",
    "start": 1605144589595,
    "end": 1605144589596,
    "duration": 1,
    "pid": 71339,
    "index": 57
  },
  {
    "name": "Load app.js",
    "start": 1605144589597,
    "end": 1605144589619,
    "duration": 22,
    "pid": 71339,
    "index": 58
  },
  {
    "name": "Require(49) node_modules/egg-session/app.js",
    "start": 1605144589597,
    "end": 1605144589597,
    "duration": 0,
    "pid": 71339,
    "index": 59
  },
  {
    "name": "Require(50) node_modules/egg-security/app.js",
    "start": 1605144589597,
    "end": 1605144589598,
    "duration": 1,
    "pid": 71339,
    "index": 60
  },
  {
    "name": "Require(51) node_modules/egg-onerror/app.js",
    "start": 1605144589598,
    "end": 1605144589601,
    "duration": 3,
    "pid": 71339,
    "index": 61
  },
  {
    "name": "Require(52) node_modules/egg-i18n/app.js",
    "start": 1605144589602,
    "end": 1605144589608,
    "duration": 6,
    "pid": 71339,
    "index": 62
  },
  {
    "name": "Require(53) node_modules/egg-watcher/app.js",
    "start": 1605144589608,
    "end": 1605144589609,
    "duration": 1,
    "pid": 71339,
    "index": 63
  },
  {
    "name": "Require(54) node_modules/egg-schedule/app.js",
    "start": 1605144589609,
    "end": 1605144589609,
    "duration": 0,
    "pid": 71339,
    "index": 64
  },
  {
    "name": "Require(55) node_modules/egg-multipart/app.js",
    "start": 1605144589610,
    "end": 1605144589610,
    "duration": 0,
    "pid": 71339,
    "index": 65
  },
  {
    "name": "Require(56) node_modules/egg-development/app.js",
    "start": 1605144589610,
    "end": 1605144589610,
    "duration": 0,
    "pid": 71339,
    "index": 66
  },
  {
    "name": "Require(57) node_modules/egg-logrotator/app.js",
    "start": 1605144589610,
    "end": 1605144589610,
    "duration": 0,
    "pid": 71339,
    "index": 67
  },
  {
    "name": "Require(58) node_modules/egg-static/app.js",
    "start": 1605144589610,
    "end": 1605144589610,
    "duration": 0,
    "pid": 71339,
    "index": 68
  },
  {
    "name": "Require(59) node_modules/egg-validate/app.js",
    "start": 1605144589611,
    "end": 1605144589611,
    "duration": 0,
    "pid": 71339,
    "index": 69
  },
  {
    "name": "Require(60) node_modules/egg-view-ejs/app.js",
    "start": 1605144589611,
    "end": 1605144589611,
    "duration": 0,
    "pid": 71339,
    "index": 70
  },
  {
    "name": "Require(61) node_modules/egg-mysql/app.js",
    "start": 1605144589612,
    "end": 1605144589617,
    "duration": 5,
    "pid": 71339,
    "index": 71
  },
  {
    "name": "Require(62) node_modules/egg-sequelize/app.js",
    "start": 1605144589617,
    "end": 1605144589618,
    "duration": 1,
    "pid": 71339,
    "index": 72
  },
  {
    "name": "Require(63) node_modules/egg-jwt/app.js",
    "start": 1605144589618,
    "end": 1605144589618,
    "duration": 0,
    "pid": 71339,
    "index": 73
  },
  {
    "name": "Require(64) node_modules/egg-redis/app.js",
    "start": 1605144589618,
    "end": 1605144589618,
    "duration": 0,
    "pid": 71339,
    "index": 74
  },
  {
    "name": "Require(65) app.js",
    "start": 1605144589619,
    "end": 1605144589619,
    "duration": 0,
    "pid": 71339,
    "index": 75
  },
  {
    "name": "Before Start in node_modules/egg-watcher/lib/init.js:15:14",
    "start": 1605144589626,
    "end": 1605144589949,
    "duration": 323,
    "pid": 71339,
    "index": 76
  },
  {
    "name": "Before Start in node_modules/egg-mysql/lib/mysql.js:20:7",
    "start": 1605144589673,
    "end": 1605144589958,
    "duration": 285,
    "pid": 71339,
    "index": 77
  },
  {
    "name": "Load \"Symbol(model)\" to Application",
    "start": 1605144589831,
    "end": 1605144589840,
    "duration": 9,
    "pid": 71339,
    "index": 78
  },
  {
    "name": "Before Start in node_modules/egg-sequelize/lib/loader.js:39:7",
    "start": 1605144589842,
    "end": 1605144589980,
    "duration": 138,
    "pid": 71339,
    "index": 79
  },
  {
    "name": "Before Start in node_modules/egg-redis/lib/redis.js:53:7",
    "start": 1605144589867,
    "end": 1605144589947,
    "duration": 80,
    "pid": 71339,
    "index": 80
  },
  {
    "name": "Load Service",
    "start": 1605144589867,
    "end": 1605144589874,
    "duration": 7,
    "pid": 71339,
    "index": 81
  },
  {
    "name": "Load \"service\" to Context",
    "start": 1605144589867,
    "end": 1605144589874,
    "duration": 7,
    "pid": 71339,
    "index": 82
  },
  {
    "name": "Load Middleware",
    "start": 1605144589874,
    "end": 1605144589920,
    "duration": 46,
    "pid": 71339,
    "index": 83
  },
  {
    "name": "Load \"middlewares\" to Application",
    "start": 1605144589874,
    "end": 1605144589913,
    "duration": 39,
    "pid": 71339,
    "index": 84
  },
  {
    "name": "Load Controller",
    "start": 1605144589920,
    "end": 1605144589922,
    "duration": 2,
    "pid": 71339,
    "index": 85
  },
  {
    "name": "Load \"controller\" to Application",
    "start": 1605144589920,
    "end": 1605144589922,
    "duration": 2,
    "pid": 71339,
    "index": 86
  },
  {
    "name": "Load Router",
    "start": 1605144589922,
    "end": 1605144589924,
    "duration": 2,
    "pid": 71339,
    "index": 87
  },
  {
    "name": "Require(66) app/router.js",
    "start": 1605144589922,
    "end": 1605144589923,
    "duration": 1,
    "pid": 71339,
    "index": 88
  },
  {
    "name": "Before Start in node_modules/egg-core/lib/egg.js:303:10",
    "start": 1605144589923,
    "end": 1605144589936,
    "duration": 13,
    "pid": 71339,
    "index": 89
  }
]