[
  {
    "name": "Process Start",
    "start": 1605146645422,
    "end": 1605146645833,
    "duration": 411,
    "pid": 72737,
    "index": 0
  },
  {
    "name": "Application Start",
    "start": 1605146645834,
    "end": 1605146646248,
    "duration": 414,
    "pid": 72737,
    "index": 1
  },
  {
    "name": "Load Plugin",
    "start": 1605146645837,
    "end": 1605146645844,
    "duration": 7,
    "pid": 72737,
    "index": 2
  },
  {
    "name": "Load Config",
    "start": 1605146645844,
    "end": 1605146645856,
    "duration": 12,
    "pid": 72737,
    "index": 3
  },
  {
    "name": "Require(0) config/config.default.js",
    "start": 1605146645845,
    "end": 1605146645845,
    "duration": 0,
    "pid": 72737,
    "index": 4
  },
  {
    "name": "Require(1) node_modules/egg-session/config/config.default.js",
    "start": 1605146645846,
    "end": 1605146645846,
    "duration": 0,
    "pid": 72737,
    "index": 5
  },
  {
    "name": "Require(2) node_modules/egg-security/config/config.default.js",
    "start": 1605146645846,
    "end": 1605146645847,
    "duration": 1,
    "pid": 72737,
    "index": 6
  },
  {
    "name": "Require(3) node_modules/egg-jsonp/config/config.default.js",
    "start": 1605146645847,
    "end": 1605146645847,
    "duration": 0,
    "pid": 72737,
    "index": 7
  },
  {
    "name": "Require(4) node_modules/egg-onerror/config/config.default.js",
    "start": 1605146645847,
    "end": 1605146645848,
    "duration": 1,
    "pid": 72737,
    "index": 8
  },
  {
    "name": "Require(5) node_modules/egg-i18n/config/config.default.js",
    "start": 1605146645848,
    "end": 1605146645848,
    "duration": 0,
    "pid": 72737,
    "index": 9
  },
  {
    "name": "Require(6) node_modules/egg-watcher/config/config.default.js",
    "start": 1605146645848,
    "end": 1605146645848,
    "duration": 0,
    "pid": 72737,
    "index": 10
  },
  {
    "name": "Require(7) node_modules/egg-schedule/config/config.default.js",
    "start": 1605146645848,
    "end": 1605146645849,
    "duration": 1,
    "pid": 72737,
    "index": 11
  },
  {
    "name": "Require(8) node_modules/egg-multipart/config/config.default.js",
    "start": 1605146645849,
    "end": 1605146645849,
    "duration": 0,
    "pid": 72737,
    "index": 12
  },
  {
    "name": "Require(9) node_modules/egg-development/config/config.default.js",
    "start": 1605146645849,
    "end": 1605146645849,
    "duration": 0,
    "pid": 72737,
    "index": 13
  },
  {
    "name": "Require(10) node_modules/egg-logrotator/config/config.default.js",
    "start": 1605146645849,
    "end": 1605146645850,
    "duration": 1,
    "pid": 72737,
    "index": 14
  },
  {
    "name": "Require(11) node_modules/egg-static/config/config.default.js",
    "start": 1605146645850,
    "end": 1605146645850,
    "duration": 0,
    "pid": 72737,
    "index": 15
  },
  {
    "name": "Require(12) node_modules/egg-view/config/config.default.js",
    "start": 1605146645850,
    "end": 1605146645850,
    "duration": 0,
    "pid": 72737,
    "index": 16
  },
  {
    "name": "Require(13) node_modules/egg-validate/config/config.default.js",
    "start": 1605146645851,
    "end": 1605146645851,
    "duration": 0,
    "pid": 72737,
    "index": 17
  },
  {
    "name": "Require(14) node_modules/egg-view-ejs/config/config.default.js",
    "start": 1605146645851,
    "end": 1605146645851,
    "duration": 0,
    "pid": 72737,
    "index": 18
  },
  {
    "name": "Require(15) node_modules/egg-mysql/config/config.default.js",
    "start": 1605146645851,
    "end": 1605146645852,
    "duration": 1,
    "pid": 72737,
    "index": 19
  },
  {
    "name": "Require(16) node_modules/egg-sequelize/config/config.default.js",
    "start": 1605146645852,
    "end": 1605146645852,
    "duration": 0,
    "pid": 72737,
    "index": 20
  },
  {
    "name": "Require(17) node_modules/egg-jwt/config/config.default.js",
    "start": 1605146645852,
    "end": 1605146645852,
    "duration": 0,
    "pid": 72737,
    "index": 21
  },
  {
    "name": "Require(18) node_modules/egg-redis/config/config.default.js",
    "start": 1605146645852,
    "end": 1605146645852,
    "duration": 0,
    "pid": 72737,
    "index": 22
  },
  {
    "name": "Require(19) node_modules/egg/config/config.default.js",
    "start": 1605146645853,
    "end": 1605146645853,
    "duration": 0,
    "pid": 72737,
    "index": 23
  },
  {
    "name": "Require(20) config/config.default.js",
    "start": 1605146645854,
    "end": 1605146645854,
    "duration": 0,
    "pid": 72737,
    "index": 24
  },
  {
    "name": "Require(21) node_modules/egg-security/config/config.local.js",
    "start": 1605146645854,
    "end": 1605146645854,
    "duration": 0,
    "pid": 72737,
    "index": 25
  },
  {
    "name": "Require(22) node_modules/egg-watcher/config/config.local.js",
    "start": 1605146645855,
    "end": 1605146645855,
    "duration": 0,
    "pid": 72737,
    "index": 26
  },
  {
    "name": "Require(23) node_modules/egg-view/config/config.local.js",
    "start": 1605146645855,
    "end": 1605146645855,
    "duration": 0,
    "pid": 72737,
    "index": 27
  },
  {
    "name": "Require(24) node_modules/egg-view-ejs/config/config.local.js",
    "start": 1605146645855,
    "end": 1605146645855,
    "duration": 0,
    "pid": 72737,
    "index": 28
  },
  {
    "name": "Require(25) node_modules/egg/config/config.local.js",
    "start": 1605146645856,
    "end": 1605146645856,
    "duration": 0,
    "pid": 72737,
    "index": 29
  },
  {
    "name": "Load extend/application.js",
    "start": 1605146645857,
    "end": 1605146645876,
    "duration": 19,
    "pid": 72737,
    "index": 30
  },
  {
    "name": "Require(26) node_modules/egg-session/app/extend/application.js",
    "start": 1605146645857,
    "end": 1605146645857,
    "duration": 0,
    "pid": 72737,
    "index": 31
  },
  {
    "name": "Require(27) node_modules/egg-security/app/extend/application.js",
    "start": 1605146645857,
    "end": 1605146645858,
    "duration": 1,
    "pid": 72737,
    "index": 32
  },
  {
    "name": "Require(28) node_modules/egg-jsonp/app/extend/application.js",
    "start": 1605146645858,
    "end": 1605146645858,
    "duration": 0,
    "pid": 72737,
    "index": 33
  },
  {
    "name": "Require(29) node_modules/egg-logrotator/app/extend/application.js",
    "start": 1605146645859,
    "end": 1605146645859,
    "duration": 0,
    "pid": 72737,
    "index": 34
  },
  {
    "name": "Require(30) node_modules/egg-view/app/extend/application.js",
    "start": 1605146645859,
    "end": 1605146645860,
    "duration": 1,
    "pid": 72737,
    "index": 35
  },
  {
    "name": "Require(31) node_modules/egg-jwt/app/extend/application.js",
    "start": 1605146645860,
    "end": 1605146645874,
    "duration": 14,
    "pid": 72737,
    "index": 36
  },
  {
    "name": "Require(32) app/extend/application.js",
    "start": 1605146645874,
    "end": 1605146645875,
    "duration": 1,
    "pid": 72737,
    "index": 37
  },
  {
    "name": "Load extend/request.js",
    "start": 1605146645876,
    "end": 1605146645880,
    "duration": 4,
    "pid": 72737,
    "index": 38
  },
  {
    "name": "Require(33) node_modules/egg/app/extend/request.js",
    "start": 1605146645878,
    "end": 1605146645879,
    "duration": 1,
    "pid": 72737,
    "index": 39
  },
  {
    "name": "Require(34) app/extend/request.js",
    "start": 1605146645879,
    "end": 1605146645879,
    "duration": 0,
    "pid": 72737,
    "index": 40
  },
  {
    "name": "Load extend/response.js",
    "start": 1605146645880,
    "end": 1605146645884,
    "duration": 4,
    "pid": 72737,
    "index": 41
  },
  {
    "name": "Require(35) node_modules/egg/app/extend/response.js",
    "start": 1605146645881,
    "end": 1605146645882,
    "duration": 1,
    "pid": 72737,
    "index": 42
  },
  {
    "name": "Require(36) app/extend/response.js",
    "start": 1605146645882,
    "end": 1605146645882,
    "duration": 0,
    "pid": 72737,
    "index": 43
  },
  {
    "name": "Load extend/context.js",
    "start": 1605146645884,
    "end": 1605146645914,
    "duration": 30,
    "pid": 72737,
    "index": 44
  },
  {
    "name": "Require(37) node_modules/egg-security/app/extend/context.js",
    "start": 1605146645885,
    "end": 1605146645888,
    "duration": 3,
    "pid": 72737,
    "index": 45
  },
  {
    "name": "Require(38) node_modules/egg-jsonp/app/extend/context.js",
    "start": 1605146645888,
    "end": 1605146645888,
    "duration": 0,
    "pid": 72737,
    "index": 46
  },
  {
    "name": "Require(39) node_modules/egg-i18n/app/extend/context.js",
    "start": 1605146645889,
    "end": 1605146645889,
    "duration": 0,
    "pid": 72737,
    "index": 47
  },
  {
    "name": "Require(40) node_modules/egg-multipart/app/extend/context.js",
    "start": 1605146645889,
    "end": 1605146645911,
    "duration": 22,
    "pid": 72737,
    "index": 48
  },
  {
    "name": "Require(41) node_modules/egg-view/app/extend/context.js",
    "start": 1605146645911,
    "end": 1605146645912,
    "duration": 1,
    "pid": 72737,
    "index": 49
  },
  {
    "name": "Require(42) node_modules/egg-validate/app/extend/context.js",
    "start": 1605146645912,
    "end": 1605146645912,
    "duration": 0,
    "pid": 72737,
    "index": 50
  },
  {
    "name": "Require(43) lib/plugin/egg-info/app/extend/context.js",
    "start": 1605146645912,
    "end": 1605146645912,
    "duration": 0,
    "pid": 72737,
    "index": 51
  },
  {
    "name": "Require(44) node_modules/egg/app/extend/context.js",
    "start": 1605146645913,
    "end": 1605146645913,
    "duration": 0,
    "pid": 72737,
    "index": 52
  },
  {
    "name": "Require(45) app/extend/context.js",
    "start": 1605146645913,
    "end": 1605146645913,
    "duration": 0,
    "pid": 72737,
    "index": 53
  },
  {
    "name": "Load extend/helper.js",
    "start": 1605146645914,
    "end": 1605146645923,
    "duration": 9,
    "pid": 72737,
    "index": 54
  },
  {
    "name": "Require(46) node_modules/egg-security/app/extend/helper.js",
    "start": 1605146645914,
    "end": 1605146645920,
    "duration": 6,
    "pid": 72737,
    "index": 55
  },
  {
    "name": "Require(47) node_modules/egg/app/extend/helper.js",
    "start": 1605146645921,
    "end": 1605146645921,
    "duration": 0,
    "pid": 72737,
    "index": 56
  },
  {
    "name": "Require(48) app/extend/helper.js",
    "start": 1605146645921,
    "end": 1605146645922,
    "duration": 1,
    "pid": 72737,
    "index": 57
  },
  {
    "name": "Load app.js",
    "start": 1605146645924,
    "end": 1605146645945,
    "duration": 21,
    "pid": 72737,
    "index": 58
  },
  {
    "name": "Require(49) node_modules/egg-session/app.js",
    "start": 1605146645924,
    "end": 1605146645924,
    "duration": 0,
    "pid": 72737,
    "index": 59
  },
  {
    "name": "Require(50) node_modules/egg-security/app.js",
    "start": 1605146645924,
    "end": 1605146645924,
    "duration": 0,
    "pid": 72737,
    "index": 60
  },
  {
    "name": "Require(51) node_modules/egg-onerror/app.js",
    "start": 1605146645924,
    "end": 1605146645927,
    "duration": 3,
    "pid": 72737,
    "index": 61
  },
  {
    "name": "Require(52) node_modules/egg-i18n/app.js",
    "start": 1605146645927,
    "end": 1605146645933,
    "duration": 6,
    "pid": 72737,
    "index": 62
  },
  {
    "name": "Require(53) node_modules/egg-watcher/app.js",
    "start": 1605146645933,
    "end": 1605146645934,
    "duration": 1,
    "pid": 72737,
    "index": 63
  },
  {
    "name": "Require(54) node_modules/egg-schedule/app.js",
    "start": 1605146645934,
    "end": 1605146645935,
    "duration": 1,
    "pid": 72737,
    "index": 64
  },
  {
    "name": "Require(55) node_modules/egg-multipart/app.js",
    "start": 1605146645935,
    "end": 1605146645935,
    "duration": 0,
    "pid": 72737,
    "index": 65
  },
  {
    "name": "Require(56) node_modules/egg-development/app.js",
    "start": 1605146645935,
    "end": 1605146645936,
    "duration": 1,
    "pid": 72737,
    "index": 66
  },
  {
    "name": "Require(57) node_modules/egg-logrotator/app.js",
    "start": 1605146645936,
    "end": 1605146645936,
    "duration": 0,
    "pid": 72737,
    "index": 67
  },
  {
    "name": "Require(58) node_modules/egg-static/app.js",
    "start": 1605146645936,
    "end": 1605146645936,
    "duration": 0,
    "pid": 72737,
    "index": 68
  },
  {
    "name": "Require(59) node_modules/egg-validate/app.js",
    "start": 1605146645936,
    "end": 1605146645937,
    "duration": 1,
    "pid": 72737,
    "index": 69
  },
  {
    "name": "Require(60) node_modules/egg-view-ejs/app.js",
    "start": 1605146645937,
    "end": 1605146645937,
    "duration": 0,
    "pid": 72737,
    "index": 70
  },
  {
    "name": "Require(61) node_modules/egg-mysql/app.js",
    "start": 1605146645937,
    "end": 1605146645943,
    "duration": 6,
    "pid": 72737,
    "index": 71
  },
  {
    "name": "Require(62) node_modules/egg-sequelize/app.js",
    "start": 1605146645943,
    "end": 1605146645944,
    "duration": 1,
    "pid": 72737,
    "index": 72
  },
  {
    "name": "Require(63) node_modules/egg-jwt/app.js",
    "start": 1605146645944,
    "end": 1605146645944,
    "duration": 0,
    "pid": 72737,
    "index": 73
  },
  {
    "name": "Require(64) node_modules/egg-redis/app.js",
    "start": 1605146645944,
    "end": 1605146645944,
    "duration": 0,
    "pid": 72737,
    "index": 74
  },
  {
    "name": "Require(65) app.js",
    "start": 1605146645945,
    "end": 1605146645945,
    "duration": 0,
    "pid": 72737,
    "index": 75
  },
  {
    "name": "Before Start in node_modules/egg-watcher/lib/init.js:15:14",
    "start": 1605146645953,
    "end": 1605146646223,
    "duration": 270,
    "pid": 72737,
    "index": 76
  },
  {
    "name": "Before Start in node_modules/egg-mysql/lib/mysql.js:20:7",
    "start": 1605146645995,
    "end": 1605146646230,
    "duration": 235,
    "pid": 72737,
    "index": 77
  },
  {
    "name": "Load \"Symbol(model)\" to Application",
    "start": 1605146646119,
    "end": 1605146646127,
    "duration": 8,
    "pid": 72737,
    "index": 78
  },
  {
    "name": "Before Start in node_modules/egg-sequelize/lib/loader.js:39:7",
    "start": 1605146646129,
    "end": 1605146646247,
    "duration": 118,
    "pid": 72737,
    "index": 79
  },
  {
    "name": "Before Start in node_modules/egg-redis/lib/redis.js:53:7",
    "start": 1605146646152,
    "end": 1605146646221,
    "duration": 69,
    "pid": 72737,
    "index": 80
  },
  {
    "name": "Load Service",
    "start": 1605146646152,
    "end": 1605146646159,
    "duration": 7,
    "pid": 72737,
    "index": 81
  },
  {
    "name": "Load \"service\" to Context",
    "start": 1605146646152,
    "end": 1605146646159,
    "duration": 7,
    "pid": 72737,
    "index": 82
  },
  {
    "name": "Load Middleware",
    "start": 1605146646159,
    "end": 1605146646199,
    "duration": 40,
    "pid": 72737,
    "index": 83
  },
  {
    "name": "Load \"middlewares\" to Application",
    "start": 1605146646159,
    "end": 1605146646193,
    "duration": 34,
    "pid": 72737,
    "index": 84
  },
  {
    "name": "Load Controller",
    "start": 1605146646199,
    "end": 1605146646201,
    "duration": 2,
    "pid": 72737,
    "index": 85
  },
  {
    "name": "Load \"controller\" to Application",
    "start": 1605146646199,
    "end": 1605146646201,
    "duration": 2,
    "pid": 72737,
    "index": 86
  },
  {
    "name": "Load Router",
    "start": 1605146646201,
    "end": 1605146646203,
    "duration": 2,
    "pid": 72737,
    "index": 87
  },
  {
    "name": "Require(66) app/router.js",
    "start": 1605146646201,
    "end": 1605146646201,
    "duration": 0,
    "pid": 72737,
    "index": 88
  },
  {
    "name": "Before Start in node_modules/egg-core/lib/egg.js:303:10",
    "start": 1605146646202,
    "end": 1605146646213,
    "duration": 11,
    "pid": 72737,
    "index": 89
  }
]