[
  {
    "name": "Process Start",
    "start": 1605145577154,
    "end": 1605145577625,
    "duration": 471,
    "pid": 71905,
    "index": 0
  },
  {
    "name": "Application Start",
    "start": 1605145577626,
    "end": 1605145578120,
    "duration": 494,
    "pid": 71905,
    "index": 1
  },
  {
    "name": "Load Plugin",
    "start": 1605145577628,
    "end": 1605145577657,
    "duration": 29,
    "pid": 71905,
    "index": 2
  },
  {
    "name": "Load Config",
    "start": 1605145577657,
    "end": 1605145577670,
    "duration": 13,
    "pid": 71905,
    "index": 3
  },
  {
    "name": "Require(0) config/config.default.js",
    "start": 1605145577657,
    "end": 1605145577657,
    "duration": 0,
    "pid": 71905,
    "index": 4
  },
  {
    "name": "Require(1) node_modules/egg-session/config/config.default.js",
    "start": 1605145577658,
    "end": 1605145577658,
    "duration": 0,
    "pid": 71905,
    "index": 5
  },
  {
    "name": "Require(2) node_modules/egg-security/config/config.default.js",
    "start": 1605145577659,
    "end": 1605145577659,
    "duration": 0,
    "pid": 71905,
    "index": 6
  },
  {
    "name": "Require(3) node_modules/egg-jsonp/config/config.default.js",
    "start": 1605145577659,
    "end": 1605145577660,
    "duration": 1,
    "pid": 71905,
    "index": 7
  },
  {
    "name": "Require(4) node_modules/egg-onerror/config/config.default.js",
    "start": 1605145577660,
    "end": 1605145577660,
    "duration": 0,
    "pid": 71905,
    "index": 8
  },
  {
    "name": "Require(5) node_modules/egg-i18n/config/config.default.js",
    "start": 1605145577660,
    "end": 1605145577660,
    "duration": 0,
    "pid": 71905,
    "index": 9
  },
  {
    "name": "Require(6) node_modules/egg-watcher/config/config.default.js",
    "start": 1605145577660,
    "end": 1605145577661,
    "duration": 1,
    "pid": 71905,
    "index": 10
  },
  {
    "name": "Require(7) node_modules/egg-schedule/config/config.default.js",
    "start": 1605145577661,
    "end": 1605145577661,
    "duration": 0,
    "pid": 71905,
    "index": 11
  },
  {
    "name": "Require(8) node_modules/egg-multipart/config/config.default.js",
    "start": 1605145577661,
    "end": 1605145577661,
    "duration": 0,
    "pid": 71905,
    "index": 12
  },
  {
    "name": "Require(9) node_modules/egg-development/config/config.default.js",
    "start": 1605145577662,
    "end": 1605145577662,
    "duration": 0,
    "pid": 71905,
    "index": 13
  },
  {
    "name": "Require(10) node_modules/egg-logrotator/config/config.default.js",
    "start": 1605145577662,
    "end": 1605145577662,
    "duration": 0,
    "pid": 71905,
    "index": 14
  },
  {
    "name": "Require(11) node_modules/egg-static/config/config.default.js",
    "start": 1605145577662,
    "end": 1605145577662,
    "duration": 0,
    "pid": 71905,
    "index": 15
  },
  {
    "name": "Require(12) node_modules/egg-view/config/config.default.js",
    "start": 1605145577663,
    "end": 1605145577663,
    "duration": 0,
    "pid": 71905,
    "index": 16
  },
  {
    "name": "Require(13) node_modules/egg-validate/config/config.default.js",
    "start": 1605145577663,
    "end": 1605145577663,
    "duration": 0,
    "pid": 71905,
    "index": 17
  },
  {
    "name": "Require(14) node_modules/egg-view-ejs/config/config.default.js",
    "start": 1605145577663,
    "end": 1605145577664,
    "duration": 1,
    "pid": 71905,
    "index": 18
  },
  {
    "name": "Require(15) node_modules/egg-mysql/config/config.default.js",
    "start": 1605145577664,
    "end": 1605145577665,
    "duration": 1,
    "pid": 71905,
    "index": 19
  },
  {
    "name": "Require(16) node_modules/egg-sequelize/config/config.default.js",
    "start": 1605145577665,
    "end": 1605145577665,
    "duration": 0,
    "pid": 71905,
    "index": 20
  },
  {
    "name": "Require(17) node_modules/egg-jwt/config/config.default.js",
    "start": 1605145577665,
    "end": 1605145577665,
    "duration": 0,
    "pid": 71905,
    "index": 21
  },
  {
    "name": "Require(18) node_modules/egg-redis/config/config.default.js",
    "start": 1605145577665,
    "end": 1605145577665,
    "duration": 0,
    "pid": 71905,
    "index": 22
  },
  {
    "name": "Require(19) node_modules/egg/config/config.default.js",
    "start": 1605145577666,
    "end": 1605145577666,
    "duration": 0,
    "pid": 71905,
    "index": 23
  },
  {
    "name": "Require(20) config/config.default.js",
    "start": 1605145577667,
    "end": 1605145577667,
    "duration": 0,
    "pid": 71905,
    "index": 24
  },
  {
    "name": "Require(21) node_modules/egg-security/config/config.local.js",
    "start": 1605145577667,
    "end": 1605145577667,
    "duration": 0,
    "pid": 71905,
    "index": 25
  },
  {
    "name": "Require(22) node_modules/egg-watcher/config/config.local.js",
    "start": 1605145577668,
    "end": 1605145577668,
    "duration": 0,
    "pid": 71905,
    "index": 26
  },
  {
    "name": "Require(23) node_modules/egg-view/config/config.local.js",
    "start": 1605145577668,
    "end": 1605145577668,
    "duration": 0,
    "pid": 71905,
    "index": 27
  },
  {
    "name": "Require(24) node_modules/egg-view-ejs/config/config.local.js",
    "start": 1605145577668,
    "end": 1605145577669,
    "duration": 1,
    "pid": 71905,
    "index": 28
  },
  {
    "name": "Require(25) node_modules/egg/config/config.local.js",
    "start": 1605145577669,
    "end": 1605145577669,
    "duration": 0,
    "pid": 71905,
    "index": 29
  },
  {
    "name": "Load extend/application.js",
    "start": 1605145577670,
    "end": 1605145577690,
    "duration": 20,
    "pid": 71905,
    "index": 30
  },
  {
    "name": "Require(26) node_modules/egg-session/app/extend/application.js",
    "start": 1605145577670,
    "end": 1605145577670,
    "duration": 0,
    "pid": 71905,
    "index": 31
  },
  {
    "name": "Require(27) node_modules/egg-security/app/extend/application.js",
    "start": 1605145577671,
    "end": 1605145577671,
    "duration": 0,
    "pid": 71905,
    "index": 32
  },
  {
    "name": "Require(28) node_modules/egg-jsonp/app/extend/application.js",
    "start": 1605145577671,
    "end": 1605145577672,
    "duration": 1,
    "pid": 71905,
    "index": 33
  },
  {
    "name": "Require(29) node_modules/egg-logrotator/app/extend/application.js",
    "start": 1605145577672,
    "end": 1605145577673,
    "duration": 1,
    "pid": 71905,
    "index": 34
  },
  {
    "name": "Require(30) node_modules/egg-view/app/extend/application.js",
    "start": 1605145577673,
    "end": 1605145577674,
    "duration": 1,
    "pid": 71905,
    "index": 35
  },
  {
    "name": "Require(31) node_modules/egg-jwt/app/extend/application.js",
    "start": 1605145577674,
    "end": 1605145577688,
    "duration": 14,
    "pid": 71905,
    "index": 36
  },
  {
    "name": "Require(32) app/extend/application.js",
    "start": 1605145577689,
    "end": 1605145577689,
    "duration": 0,
    "pid": 71905,
    "index": 37
  },
  {
    "name": "Load extend/request.js",
    "start": 1605145577690,
    "end": 1605145577694,
    "duration": 4,
    "pid": 71905,
    "index": 38
  },
  {
    "name": "Require(33) node_modules/egg/app/extend/request.js",
    "start": 1605145577693,
    "end": 1605145577693,
    "duration": 0,
    "pid": 71905,
    "index": 39
  },
  {
    "name": "Require(34) app/extend/request.js",
    "start": 1605145577693,
    "end": 1605145577693,
    "duration": 0,
    "pid": 71905,
    "index": 40
  },
  {
    "name": "Load extend/response.js",
    "start": 1605145577694,
    "end": 1605145577698,
    "duration": 4,
    "pid": 71905,
    "index": 41
  },
  {
    "name": "Require(35) node_modules/egg/app/extend/response.js",
    "start": 1605145577695,
    "end": 1605145577696,
    "duration": 1,
    "pid": 71905,
    "index": 42
  },
  {
    "name": "Require(36) app/extend/response.js",
    "start": 1605145577697,
    "end": 1605145577697,
    "duration": 0,
    "pid": 71905,
    "index": 43
  },
  {
    "name": "Load extend/context.js",
    "start": 1605145577698,
    "end": 1605145577729,
    "duration": 31,
    "pid": 71905,
    "index": 44
  },
  {
    "name": "Require(37) node_modules/egg-security/app/extend/context.js",
    "start": 1605145577698,
    "end": 1605145577702,
    "duration": 4,
    "pid": 71905,
    "index": 45
  },
  {
    "name": "Require(38) node_modules/egg-jsonp/app/extend/context.js",
    "start": 1605145577702,
    "end": 1605145577702,
    "duration": 0,
    "pid": 71905,
    "index": 46
  },
  {
    "name": "Require(39) node_modules/egg-i18n/app/extend/context.js",
    "start": 1605145577703,
    "end": 1605145577703,
    "duration": 0,
    "pid": 71905,
    "index": 47
  },
  {
    "name": "Require(40) node_modules/egg-multipart/app/extend/context.js",
    "start": 1605145577703,
    "end": 1605145577725,
    "duration": 22,
    "pid": 71905,
    "index": 48
  },
  {
    "name": "Require(41) node_modules/egg-view/app/extend/context.js",
    "start": 1605145577725,
    "end": 1605145577725,
    "duration": 0,
    "pid": 71905,
    "index": 49
  },
  {
    "name": "Require(42) node_modules/egg-validate/app/extend/context.js",
    "start": 1605145577725,
    "end": 1605145577726,
    "duration": 1,
    "pid": 71905,
    "index": 50
  },
  {
    "name": "Require(43) lib/plugin/egg-info/app/extend/context.js",
    "start": 1605145577726,
    "end": 1605145577726,
    "duration": 0,
    "pid": 71905,
    "index": 51
  },
  {
    "name": "Require(44) node_modules/egg/app/extend/context.js",
    "start": 1605145577726,
    "end": 1605145577727,
    "duration": 1,
    "pid": 71905,
    "index": 52
  },
  {
    "name": "Require(45) app/extend/context.js",
    "start": 1605145577727,
    "end": 1605145577727,
    "duration": 0,
    "pid": 71905,
    "index": 53
  },
  {
    "name": "Load extend/helper.js",
    "start": 1605145577729,
    "end": 1605145577739,
    "duration": 10,
    "pid": 71905,
    "index": 54
  },
  {
    "name": "Require(46) node_modules/egg-security/app/extend/helper.js",
    "start": 1605145577729,
    "end": 1605145577735,
    "duration": 6,
    "pid": 71905,
    "index": 55
  },
  {
    "name": "Require(47) node_modules/egg/app/extend/helper.js",
    "start": 1605145577737,
    "end": 1605145577737,
    "duration": 0,
    "pid": 71905,
    "index": 56
  },
  {
    "name": "Require(48) app/extend/helper.js",
    "start": 1605145577737,
    "end": 1605145577738,
    "duration": 1,
    "pid": 71905,
    "index": 57
  },
  {
    "name": "Load app.js",
    "start": 1605145577739,
    "end": 1605145577761,
    "duration": 22,
    "pid": 71905,
    "index": 58
  },
  {
    "name": "Require(49) node_modules/egg-session/app.js",
    "start": 1605145577739,
    "end": 1605145577739,
    "duration": 0,
    "pid": 71905,
    "index": 59
  },
  {
    "name": "Require(50) node_modules/egg-security/app.js",
    "start": 1605145577739,
    "end": 1605145577739,
    "duration": 0,
    "pid": 71905,
    "index": 60
  },
  {
    "name": "Require(51) node_modules/egg-onerror/app.js",
    "start": 1605145577740,
    "end": 1605145577742,
    "duration": 2,
    "pid": 71905,
    "index": 61
  },
  {
    "name": "Require(52) node_modules/egg-i18n/app.js",
    "start": 1605145577742,
    "end": 1605145577747,
    "duration": 5,
    "pid": 71905,
    "index": 62
  },
  {
    "name": "Require(53) node_modules/egg-watcher/app.js",
    "start": 1605145577747,
    "end": 1605145577750,
    "duration": 3,
    "pid": 71905,
    "index": 63
  },
  {
    "name": "Require(54) node_modules/egg-schedule/app.js",
    "start": 1605145577750,
    "end": 1605145577750,
    "duration": 0,
    "pid": 71905,
    "index": 64
  },
  {
    "name": "Require(55) node_modules/egg-multipart/app.js",
    "start": 1605145577751,
    "end": 1605145577751,
    "duration": 0,
    "pid": 71905,
    "index": 65
  },
  {
    "name": "Require(56) node_modules/egg-development/app.js",
    "start": 1605145577751,
    "end": 1605145577751,
    "duration": 0,
    "pid": 71905,
    "index": 66
  },
  {
    "name": "Require(57) node_modules/egg-logrotator/app.js",
    "start": 1605145577752,
    "end": 1605145577752,
    "duration": 0,
    "pid": 71905,
    "index": 67
  },
  {
    "name": "Require(58) node_modules/egg-static/app.js",
    "start": 1605145577752,
    "end": 1605145577752,
    "duration": 0,
    "pid": 71905,
    "index": 68
  },
  {
    "name": "Require(59) node_modules/egg-validate/app.js",
    "start": 1605145577753,
    "end": 1605145577753,
    "duration": 0,
    "pid": 71905,
    "index": 69
  },
  {
    "name": "Require(60) node_modules/egg-view-ejs/app.js",
    "start": 1605145577753,
    "end": 1605145577754,
    "duration": 1,
    "pid": 71905,
    "index": 70
  },
  {
    "name": "Require(61) node_modules/egg-mysql/app.js",
    "start": 1605145577754,
    "end": 1605145577759,
    "duration": 5,
    "pid": 71905,
    "index": 71
  },
  {
    "name": "Require(62) node_modules/egg-sequelize/app.js",
    "start": 1605145577759,
    "end": 1605145577759,
    "duration": 0,
    "pid": 71905,
    "index": 72
  },
  {
    "name": "Require(63) node_modules/egg-jwt/app.js",
    "start": 1605145577759,
    "end": 1605145577759,
    "duration": 0,
    "pid": 71905,
    "index": 73
  },
  {
    "name": "Require(64) node_modules/egg-redis/app.js",
    "start": 1605145577759,
    "end": 1605145577761,
    "duration": 2,
    "pid": 71905,
    "index": 74
  },
  {
    "name": "Require(65) app.js",
    "start": 1605145577761,
    "end": 1605145577761,
    "duration": 0,
    "pid": 71905,
    "index": 75
  },
  {
    "name": "Before Start in node_modules/egg-watcher/lib/init.js:15:14",
    "start": 1605145577769,
    "end": 1605145578086,
    "duration": 317,
    "pid": 71905,
    "index": 76
  },
  {
    "name": "Before Start in node_modules/egg-mysql/lib/mysql.js:20:7",
    "start": 1605145577818,
    "end": 1605145578095,
    "duration": 277,
    "pid": 71905,
    "index": 77
  },
  {
    "name": "Load \"Symbol(model)\" to Application",
    "start": 1605145577960,
    "end": 1605145577970,
    "duration": 10,
    "pid": 71905,
    "index": 78
  },
  {
    "name": "Before Start in node_modules/egg-sequelize/lib/loader.js:39:7",
    "start": 1605145577972,
    "end": 1605145578119,
    "duration": 147,
    "pid": 71905,
    "index": 79
  },
  {
    "name": "Before Start in node_modules/egg-redis/lib/redis.js:53:7",
    "start": 1605145577997,
    "end": 1605145578083,
    "duration": 86,
    "pid": 71905,
    "index": 80
  },
  {
    "name": "Load Service",
    "start": 1605145577997,
    "end": 1605145578005,
    "duration": 8,
    "pid": 71905,
    "index": 81
  },
  {
    "name": "Load \"service\" to Context",
    "start": 1605145577997,
    "end": 1605145578005,
    "duration": 8,
    "pid": 71905,
    "index": 82
  },
  {
    "name": "Load Middleware",
    "start": 1605145578005,
    "end": 1605145578053,
    "duration": 48,
    "pid": 71905,
    "index": 83
  },
  {
    "name": "Load \"middlewares\" to Application",
    "start": 1605145578005,
    "end": 1605145578046,
    "duration": 41,
    "pid": 71905,
    "index": 84
  },
  {
    "name": "Load Controller",
    "start": 1605145578053,
    "end": 1605145578056,
    "duration": 3,
    "pid": 71905,
    "index": 85
  },
  {
    "name": "Load \"controller\" to Application",
    "start": 1605145578053,
    "end": 1605145578056,
    "duration": 3,
    "pid": 71905,
    "index": 86
  },
  {
    "name": "Load Router",
    "start": 1605145578056,
    "end": 1605145578058,
    "duration": 2,
    "pid": 71905,
    "index": 87
  },
  {
    "name": "Require(66) app/router.js",
    "start": 1605145578056,
    "end": 1605145578057,
    "duration": 1,
    "pid": 71905,
    "index": 88
  },
  {
    "name": "Before Start in node_modules/egg-core/lib/egg.js:303:10",
    "start": 1605145578057,
    "end": 1605145578070,
    "duration": 13,
    "pid": 71905,
    "index": 89
  }
]