[
  {
    "name": "Process Start",
    "start": 1605165631817,
    "end": 1605165632229,
    "duration": 412,
    "pid": 80465,
    "index": 0
  },
  {
    "name": "Application Start",
    "start": 1605165632230,
    "end": 1605165632644,
    "duration": 414,
    "pid": 80465,
    "index": 1
  },
  {
    "name": "Load Plugin",
    "start": 1605165632241,
    "end": 1605165632248,
    "duration": 7,
    "pid": 80465,
    "index": 2
  },
  {
    "name": "Load Config",
    "start": 1605165632248,
    "end": 1605165632260,
    "duration": 12,
    "pid": 80465,
    "index": 3
  },
  {
    "name": "Require(0) config/config.default.js",
    "start": 1605165632249,
    "end": 1605165632249,
    "duration": 0,
    "pid": 80465,
    "index": 4
  },
  {
    "name": "Require(1) node_modules/egg-session/config/config.default.js",
    "start": 1605165632250,
    "end": 1605165632250,
    "duration": 0,
    "pid": 80465,
    "index": 5
  },
  {
    "name": "Require(2) node_modules/egg-security/config/config.default.js",
    "start": 1605165632250,
    "end": 1605165632250,
    "duration": 0,
    "pid": 80465,
    "index": 6
  },
  {
    "name": "Require(3) node_modules/egg-jsonp/config/config.default.js",
    "start": 1605165632251,
    "end": 1605165632251,
    "duration": 0,
    "pid": 80465,
    "index": 7
  },
  {
    "name": "Require(4) node_modules/egg-onerror/config/config.default.js",
    "start": 1605165632251,
    "end": 1605165632251,
    "duration": 0,
    "pid": 80465,
    "index": 8
  },
  {
    "name": "Require(5) node_modules/egg-i18n/config/config.default.js",
    "start": 1605165632251,
    "end": 1605165632252,
    "duration": 1,
    "pid": 80465,
    "index": 9
  },
  {
    "name": "Require(6) node_modules/egg-watcher/config/config.default.js",
    "start": 1605165632252,
    "end": 1605165632252,
    "duration": 0,
    "pid": 80465,
    "index": 10
  },
  {
    "name": "Require(7) node_modules/egg-schedule/config/config.default.js",
    "start": 1605165632252,
    "end": 1605165632252,
    "duration": 0,
    "pid": 80465,
    "index": 11
  },
  {
    "name": "Require(8) node_modules/egg-multipart/config/config.default.js",
    "start": 1605165632253,
    "end": 1605165632253,
    "duration": 0,
    "pid": 80465,
    "index": 12
  },
  {
    "name": "Require(9) node_modules/egg-development/config/config.default.js",
    "start": 1605165632253,
    "end": 1605165632253,
    "duration": 0,
    "pid": 80465,
    "index": 13
  },
  {
    "name": "Require(10) node_modules/egg-logrotator/config/config.default.js",
    "start": 1605165632253,
    "end": 1605165632253,
    "duration": 0,
    "pid": 80465,
    "index": 14
  },
  {
    "name": "Require(11) node_modules/egg-static/config/config.default.js",
    "start": 1605165632254,
    "end": 1605165632254,
    "duration": 0,
    "pid": 80465,
    "index": 15
  },
  {
    "name": "Require(12) node_modules/egg-view/config/config.default.js",
    "start": 1605165632254,
    "end": 1605165632254,
    "duration": 0,
    "pid": 80465,
    "index": 16
  },
  {
    "name": "Require(13) node_modules/egg-validate/config/config.default.js",
    "start": 1605165632254,
    "end": 1605165632254,
    "duration": 0,
    "pid": 80465,
    "index": 17
  },
  {
    "name": "Require(14) node_modules/egg-view-ejs/config/config.default.js",
    "start": 1605165632255,
    "end": 1605165632255,
    "duration": 0,
    "pid": 80465,
    "index": 18
  },
  {
    "name": "Require(15) node_modules/egg-mysql/config/config.default.js",
    "start": 1605165632255,
    "end": 1605165632255,
    "duration": 0,
    "pid": 80465,
    "index": 19
  },
  {
    "name": "Require(16) node_modules/egg-sequelize/config/config.default.js",
    "start": 1605165632255,
    "end": 1605165632256,
    "duration": 1,
    "pid": 80465,
    "index": 20
  },
  {
    "name": "Require(17) node_modules/egg-jwt/config/config.default.js",
    "start": 1605165632256,
    "end": 1605165632256,
    "duration": 0,
    "pid": 80465,
    "index": 21
  },
  {
    "name": "Require(18) node_modules/egg-redis/config/config.default.js",
    "start": 1605165632256,
    "end": 1605165632256,
    "duration": 0,
    "pid": 80465,
    "index": 22
  },
  {
    "name": "Require(19) node_modules/egg/config/config.default.js",
    "start": 1605165632257,
    "end": 1605165632257,
    "duration": 0,
    "pid": 80465,
    "index": 23
  },
  {
    "name": "Require(20) config/config.default.js",
    "start": 1605165632258,
    "end": 1605165632258,
    "duration": 0,
    "pid": 80465,
    "index": 24
  },
  {
    "name": "Require(21) node_modules/egg-security/config/config.local.js",
    "start": 1605165632258,
    "end": 1605165632258,
    "duration": 0,
    "pid": 80465,
    "index": 25
  },
  {
    "name": "Require(22) node_modules/egg-watcher/config/config.local.js",
    "start": 1605165632258,
    "end": 1605165632258,
    "duration": 0,
    "pid": 80465,
    "index": 26
  },
  {
    "name": "Require(23) node_modules/egg-view/config/config.local.js",
    "start": 1605165632259,
    "end": 1605165632259,
    "duration": 0,
    "pid": 80465,
    "index": 27
  },
  {
    "name": "Require(24) node_modules/egg-view-ejs/config/config.local.js",
    "start": 1605165632259,
    "end": 1605165632259,
    "duration": 0,
    "pid": 80465,
    "index": 28
  },
  {
    "name": "Require(25) node_modules/egg/config/config.local.js",
    "start": 1605165632260,
    "end": 1605165632260,
    "duration": 0,
    "pid": 80465,
    "index": 29
  },
  {
    "name": "Load extend/application.js",
    "start": 1605165632260,
    "end": 1605165632278,
    "duration": 18,
    "pid": 80465,
    "index": 30
  },
  {
    "name": "Require(26) node_modules/egg-session/app/extend/application.js",
    "start": 1605165632261,
    "end": 1605165632261,
    "duration": 0,
    "pid": 80465,
    "index": 31
  },
  {
    "name": "Require(27) node_modules/egg-security/app/extend/application.js",
    "start": 1605165632261,
    "end": 1605165632261,
    "duration": 0,
    "pid": 80465,
    "index": 32
  },
  {
    "name": "Require(28) node_modules/egg-jsonp/app/extend/application.js",
    "start": 1605165632261,
    "end": 1605165632262,
    "duration": 1,
    "pid": 80465,
    "index": 33
  },
  {
    "name": "Require(29) node_modules/egg-logrotator/app/extend/application.js",
    "start": 1605165632262,
    "end": 1605165632263,
    "duration": 1,
    "pid": 80465,
    "index": 34
  },
  {
    "name": "Require(30) node_modules/egg-view/app/extend/application.js",
    "start": 1605165632263,
    "end": 1605165632263,
    "duration": 0,
    "pid": 80465,
    "index": 35
  },
  {
    "name": "Require(31) node_modules/egg-jwt/app/extend/application.js",
    "start": 1605165632264,
    "end": 1605165632276,
    "duration": 12,
    "pid": 80465,
    "index": 36
  },
  {
    "name": "Require(32) app/extend/application.js",
    "start": 1605165632277,
    "end": 1605165632277,
    "duration": 0,
    "pid": 80465,
    "index": 37
  },
  {
    "name": "Load extend/request.js",
    "start": 1605165632278,
    "end": 1605165632282,
    "duration": 4,
    "pid": 80465,
    "index": 38
  },
  {
    "name": "Require(33) node_modules/egg/app/extend/request.js",
    "start": 1605165632280,
    "end": 1605165632281,
    "duration": 1,
    "pid": 80465,
    "index": 39
  },
  {
    "name": "Require(34) app/extend/request.js",
    "start": 1605165632281,
    "end": 1605165632281,
    "duration": 0,
    "pid": 80465,
    "index": 40
  },
  {
    "name": "Load extend/response.js",
    "start": 1605165632282,
    "end": 1605165632285,
    "duration": 3,
    "pid": 80465,
    "index": 41
  },
  {
    "name": "Require(35) node_modules/egg/app/extend/response.js",
    "start": 1605165632283,
    "end": 1605165632283,
    "duration": 0,
    "pid": 80465,
    "index": 42
  },
  {
    "name": "Require(36) app/extend/response.js",
    "start": 1605165632283,
    "end": 1605165632284,
    "duration": 1,
    "pid": 80465,
    "index": 43
  },
  {
    "name": "Load extend/context.js",
    "start": 1605165632285,
    "end": 1605165632311,
    "duration": 26,
    "pid": 80465,
    "index": 44
  },
  {
    "name": "Require(37) node_modules/egg-security/app/extend/context.js",
    "start": 1605165632285,
    "end": 1605165632288,
    "duration": 3,
    "pid": 80465,
    "index": 45
  },
  {
    "name": "Require(38) node_modules/egg-jsonp/app/extend/context.js",
    "start": 1605165632288,
    "end": 1605165632289,
    "duration": 1,
    "pid": 80465,
    "index": 46
  },
  {
    "name": "Require(39) node_modules/egg-i18n/app/extend/context.js",
    "start": 1605165632289,
    "end": 1605165632289,
    "duration": 0,
    "pid": 80465,
    "index": 47
  },
  {
    "name": "Require(40) node_modules/egg-multipart/app/extend/context.js",
    "start": 1605165632289,
    "end": 1605165632308,
    "duration": 19,
    "pid": 80465,
    "index": 48
  },
  {
    "name": "Require(41) node_modules/egg-view/app/extend/context.js",
    "start": 1605165632308,
    "end": 1605165632309,
    "duration": 1,
    "pid": 80465,
    "index": 49
  },
  {
    "name": "Require(42) node_modules/egg-validate/app/extend/context.js",
    "start": 1605165632309,
    "end": 1605165632309,
    "duration": 0,
    "pid": 80465,
    "index": 50
  },
  {
    "name": "Require(43) lib/plugin/egg-info/app/extend/context.js",
    "start": 1605165632309,
    "end": 1605165632309,
    "duration": 0,
    "pid": 80465,
    "index": 51
  },
  {
    "name": "Require(44) node_modules/egg/app/extend/context.js",
    "start": 1605165632310,
    "end": 1605165632310,
    "duration": 0,
    "pid": 80465,
    "index": 52
  },
  {
    "name": "Require(45) app/extend/context.js",
    "start": 1605165632310,
    "end": 1605165632310,
    "duration": 0,
    "pid": 80465,
    "index": 53
  },
  {
    "name": "Load extend/helper.js",
    "start": 1605165632311,
    "end": 1605165632320,
    "duration": 9,
    "pid": 80465,
    "index": 54
  },
  {
    "name": "Require(46) node_modules/egg-security/app/extend/helper.js",
    "start": 1605165632312,
    "end": 1605165632317,
    "duration": 5,
    "pid": 80465,
    "index": 55
  },
  {
    "name": "Require(47) node_modules/egg/app/extend/helper.js",
    "start": 1605165632318,
    "end": 1605165632318,
    "duration": 0,
    "pid": 80465,
    "index": 56
  },
  {
    "name": "Require(48) app/extend/helper.js",
    "start": 1605165632318,
    "end": 1605165632319,
    "duration": 1,
    "pid": 80465,
    "index": 57
  },
  {
    "name": "Load app.js",
    "start": 1605165632320,
    "end": 1605165632340,
    "duration": 20,
    "pid": 80465,
    "index": 58
  },
  {
    "name": "Require(49) node_modules/egg-session/app.js",
    "start": 1605165632320,
    "end": 1605165632320,
    "duration": 0,
    "pid": 80465,
    "index": 59
  },
  {
    "name": "Require(50) node_modules/egg-security/app.js",
    "start": 1605165632321,
    "end": 1605165632321,
    "duration": 0,
    "pid": 80465,
    "index": 60
  },
  {
    "name": "Require(51) node_modules/egg-onerror/app.js",
    "start": 1605165632321,
    "end": 1605165632324,
    "duration": 3,
    "pid": 80465,
    "index": 61
  },
  {
    "name": "Require(52) node_modules/egg-i18n/app.js",
    "start": 1605165632324,
    "end": 1605165632328,
    "duration": 4,
    "pid": 80465,
    "index": 62
  },
  {
    "name": "Require(53) node_modules/egg-watcher/app.js",
    "start": 1605165632328,
    "end": 1605165632330,
    "duration": 2,
    "pid": 80465,
    "index": 63
  },
  {
    "name": "Require(54) node_modules/egg-schedule/app.js",
    "start": 1605165632330,
    "end": 1605165632331,
    "duration": 1,
    "pid": 80465,
    "index": 64
  },
  {
    "name": "Require(55) node_modules/egg-multipart/app.js",
    "start": 1605165632331,
    "end": 1605165632331,
    "duration": 0,
    "pid": 80465,
    "index": 65
  },
  {
    "name": "Require(56) node_modules/egg-development/app.js",
    "start": 1605165632331,
    "end": 1605165632331,
    "duration": 0,
    "pid": 80465,
    "index": 66
  },
  {
    "name": "Require(57) node_modules/egg-logrotator/app.js",
    "start": 1605165632332,
    "end": 1605165632332,
    "duration": 0,
    "pid": 80465,
    "index": 67
  },
  {
    "name": "Require(58) node_modules/egg-static/app.js",
    "start": 1605165632332,
    "end": 1605165632332,
    "duration": 0,
    "pid": 80465,
    "index": 68
  },
  {
    "name": "Require(59) node_modules/egg-validate/app.js",
    "start": 1605165632332,
    "end": 1605165632333,
    "duration": 1,
    "pid": 80465,
    "index": 69
  },
  {
    "name": "Require(60) node_modules/egg-view-ejs/app.js",
    "start": 1605165632333,
    "end": 1605165632333,
    "duration": 0,
    "pid": 80465,
    "index": 70
  },
  {
    "name": "Require(61) node_modules/egg-mysql/app.js",
    "start": 1605165632333,
    "end": 1605165632338,
    "duration": 5,
    "pid": 80465,
    "index": 71
  },
  {
    "name": "Require(62) node_modules/egg-sequelize/app.js",
    "start": 1605165632338,
    "end": 1605165632338,
    "duration": 0,
    "pid": 80465,
    "index": 72
  },
  {
    "name": "Require(63) node_modules/egg-jwt/app.js",
    "start": 1605165632339,
    "end": 1605165632339,
    "duration": 0,
    "pid": 80465,
    "index": 73
  },
  {
    "name": "Require(64) node_modules/egg-redis/app.js",
    "start": 1605165632339,
    "end": 1605165632339,
    "duration": 0,
    "pid": 80465,
    "index": 74
  },
  {
    "name": "Require(65) app.js",
    "start": 1605165632340,
    "end": 1605165632340,
    "duration": 0,
    "pid": 80465,
    "index": 75
  },
  {
    "name": "Before Start in node_modules/egg-watcher/lib/init.js:15:14",
    "start": 1605165632346,
    "end": 1605165632619,
    "duration": 273,
    "pid": 80465,
    "index": 76
  },
  {
    "name": "Before Start in node_modules/egg-mysql/lib/mysql.js:20:7",
    "start": 1605165632394,
    "end": 1605165632626,
    "duration": 232,
    "pid": 80465,
    "index": 77
  },
  {
    "name": "Load \"Symbol(model)\" to Application",
    "start": 1605165632513,
    "end": 1605165632521,
    "duration": 8,
    "pid": 80465,
    "index": 78
  },
  {
    "name": "Before Start in node_modules/egg-sequelize/lib/loader.js:39:7",
    "start": 1605165632523,
    "end": 1605165632643,
    "duration": 120,
    "pid": 80465,
    "index": 79
  },
  {
    "name": "Before Start in node_modules/egg-redis/lib/redis.js:53:7",
    "start": 1605165632544,
    "end": 1605165632617,
    "duration": 73,
    "pid": 80465,
    "index": 80
  },
  {
    "name": "Load Service",
    "start": 1605165632545,
    "end": 1605165632550,
    "duration": 5,
    "pid": 80465,
    "index": 81
  },
  {
    "name": "Load \"service\" to Context",
    "start": 1605165632545,
    "end": 1605165632550,
    "duration": 5,
    "pid": 80465,
    "index": 82
  },
  {
    "name": "Load Middleware",
    "start": 1605165632551,
    "end": 1605165632595,
    "duration": 44,
    "pid": 80465,
    "index": 83
  },
  {
    "name": "Load \"middlewares\" to Application",
    "start": 1605165632551,
    "end": 1605165632590,
    "duration": 39,
    "pid": 80465,
    "index": 84
  },
  {
    "name": "Load Controller",
    "start": 1605165632595,
    "end": 1605165632597,
    "duration": 2,
    "pid": 80465,
    "index": 85
  },
  {
    "name": "Load \"controller\" to Application",
    "start": 1605165632595,
    "end": 1605165632597,
    "duration": 2,
    "pid": 80465,
    "index": 86
  },
  {
    "name": "Load Router",
    "start": 1605165632597,
    "end": 1605165632599,
    "duration": 2,
    "pid": 80465,
    "index": 87
  },
  {
    "name": "Require(66) app/router.js",
    "start": 1605165632597,
    "end": 1605165632598,
    "duration": 1,
    "pid": 80465,
    "index": 88
  },
  {
    "name": "Before Start in node_modules/egg-core/lib/egg.js:303:10",
    "start": 1605165632598,
    "end": 1605165632609,
    "duration": 11,
    "pid": 80465,
    "index": 89
  }
]