[
  {
    "name": "Process Start",
    "start": 1605165549403,
    "end": 1605165549814,
    "duration": 411,
    "pid": 80405,
    "index": 0
  },
  {
    "name": "Application Start",
    "start": 1605165549814,
    "end": 1605165550245,
    "duration": 431,
    "pid": 80405,
    "index": 1
  },
  {
    "name": "Load Plugin",
    "start": 1605165549817,
    "end": 1605165549826,
    "duration": 9,
    "pid": 80405,
    "index": 2
  },
  {
    "name": "Load Config",
    "start": 1605165549826,
    "end": 1605165549839,
    "duration": 13,
    "pid": 80405,
    "index": 3
  },
  {
    "name": "Require(0) config/config.default.js",
    "start": 1605165549826,
    "end": 1605165549827,
    "duration": 1,
    "pid": 80405,
    "index": 4
  },
  {
    "name": "Require(1) node_modules/egg-session/config/config.default.js",
    "start": 1605165549828,
    "end": 1605165549828,
    "duration": 0,
    "pid": 80405,
    "index": 5
  },
  {
    "name": "Require(2) node_modules/egg-security/config/config.default.js",
    "start": 1605165549828,
    "end": 1605165549828,
    "duration": 0,
    "pid": 80405,
    "index": 6
  },
  {
    "name": "Require(3) node_modules/egg-jsonp/config/config.default.js",
    "start": 1605165549829,
    "end": 1605165549829,
    "duration": 0,
    "pid": 80405,
    "index": 7
  },
  {
    "name": "Require(4) node_modules/egg-onerror/config/config.default.js",
    "start": 1605165549830,
    "end": 1605165549830,
    "duration": 0,
    "pid": 80405,
    "index": 8
  },
  {
    "name": "Require(5) node_modules/egg-i18n/config/config.default.js",
    "start": 1605165549830,
    "end": 1605165549830,
    "duration": 0,
    "pid": 80405,
    "index": 9
  },
  {
    "name": "Require(6) node_modules/egg-watcher/config/config.default.js",
    "start": 1605165549830,
    "end": 1605165549830,
    "duration": 0,
    "pid": 80405,
    "index": 10
  },
  {
    "name": "Require(7) node_modules/egg-schedule/config/config.default.js",
    "start": 1605165549831,
    "end": 1605165549831,
    "duration": 0,
    "pid": 80405,
    "index": 11
  },
  {
    "name": "Require(8) node_modules/egg-multipart/config/config.default.js",
    "start": 1605165549831,
    "end": 1605165549831,
    "duration": 0,
    "pid": 80405,
    "index": 12
  },
  {
    "name": "Require(9) node_modules/egg-development/config/config.default.js",
    "start": 1605165549831,
    "end": 1605165549832,
    "duration": 1,
    "pid": 80405,
    "index": 13
  },
  {
    "name": "Require(10) node_modules/egg-logrotator/config/config.default.js",
    "start": 1605165549832,
    "end": 1605165549832,
    "duration": 0,
    "pid": 80405,
    "index": 14
  },
  {
    "name": "Require(11) node_modules/egg-static/config/config.default.js",
    "start": 1605165549832,
    "end": 1605165549832,
    "duration": 0,
    "pid": 80405,
    "index": 15
  },
  {
    "name": "Require(12) node_modules/egg-view/config/config.default.js",
    "start": 1605165549833,
    "end": 1605165549833,
    "duration": 0,
    "pid": 80405,
    "index": 16
  },
  {
    "name": "Require(13) node_modules/egg-validate/config/config.default.js",
    "start": 1605165549833,
    "end": 1605165549833,
    "duration": 0,
    "pid": 80405,
    "index": 17
  },
  {
    "name": "Require(14) node_modules/egg-view-ejs/config/config.default.js",
    "start": 1605165549833,
    "end": 1605165549833,
    "duration": 0,
    "pid": 80405,
    "index": 18
  },
  {
    "name": "Require(15) node_modules/egg-mysql/config/config.default.js",
    "start": 1605165549834,
    "end": 1605165549834,
    "duration": 0,
    "pid": 80405,
    "index": 19
  },
  {
    "name": "Require(16) node_modules/egg-sequelize/config/config.default.js",
    "start": 1605165549834,
    "end": 1605165549834,
    "duration": 0,
    "pid": 80405,
    "index": 20
  },
  {
    "name": "Require(17) node_modules/egg-jwt/config/config.default.js",
    "start": 1605165549834,
    "end": 1605165549835,
    "duration": 1,
    "pid": 80405,
    "index": 21
  },
  {
    "name": "Require(18) node_modules/egg-redis/config/config.default.js",
    "start": 1605165549835,
    "end": 1605165549835,
    "duration": 0,
    "pid": 80405,
    "index": 22
  },
  {
    "name": "Require(19) node_modules/egg/config/config.default.js",
    "start": 1605165549835,
    "end": 1605165549836,
    "duration": 1,
    "pid": 80405,
    "index": 23
  },
  {
    "name": "Require(20) config/config.default.js",
    "start": 1605165549836,
    "end": 1605165549836,
    "duration": 0,
    "pid": 80405,
    "index": 24
  },
  {
    "name": "Require(21) node_modules/egg-security/config/config.local.js",
    "start": 1605165549837,
    "end": 1605165549837,
    "duration": 0,
    "pid": 80405,
    "index": 25
  },
  {
    "name": "Require(22) node_modules/egg-watcher/config/config.local.js",
    "start": 1605165549838,
    "end": 1605165549838,
    "duration": 0,
    "pid": 80405,
    "index": 26
  },
  {
    "name": "Require(23) node_modules/egg-view/config/config.local.js",
    "start": 1605165549838,
    "end": 1605165549838,
    "duration": 0,
    "pid": 80405,
    "index": 27
  },
  {
    "name": "Require(24) node_modules/egg-view-ejs/config/config.local.js",
    "start": 1605165549838,
    "end": 1605165549838,
    "duration": 0,
    "pid": 80405,
    "index": 28
  },
  {
    "name": "Require(25) node_modules/egg/config/config.local.js",
    "start": 1605165549839,
    "end": 1605165549839,
    "duration": 0,
    "pid": 80405,
    "index": 29
  },
  {
    "name": "Load extend/application.js",
    "start": 1605165549840,
    "end": 1605165549861,
    "duration": 21,
    "pid": 80405,
    "index": 30
  },
  {
    "name": "Require(26) node_modules/egg-session/app/extend/application.js",
    "start": 1605165549840,
    "end": 1605165549840,
    "duration": 0,
    "pid": 80405,
    "index": 31
  },
  {
    "name": "Require(27) node_modules/egg-security/app/extend/application.js",
    "start": 1605165549841,
    "end": 1605165549841,
    "duration": 0,
    "pid": 80405,
    "index": 32
  },
  {
    "name": "Require(28) node_modules/egg-jsonp/app/extend/application.js",
    "start": 1605165549841,
    "end": 1605165549842,
    "duration": 1,
    "pid": 80405,
    "index": 33
  },
  {
    "name": "Require(29) node_modules/egg-logrotator/app/extend/application.js",
    "start": 1605165549842,
    "end": 1605165549843,
    "duration": 1,
    "pid": 80405,
    "index": 34
  },
  {
    "name": "Require(30) node_modules/egg-view/app/extend/application.js",
    "start": 1605165549843,
    "end": 1605165549843,
    "duration": 0,
    "pid": 80405,
    "index": 35
  },
  {
    "name": "Require(31) node_modules/egg-jwt/app/extend/application.js",
    "start": 1605165549844,
    "end": 1605165549859,
    "duration": 15,
    "pid": 80405,
    "index": 36
  },
  {
    "name": "Require(32) app/extend/application.js",
    "start": 1605165549859,
    "end": 1605165549860,
    "duration": 1,
    "pid": 80405,
    "index": 37
  },
  {
    "name": "Load extend/request.js",
    "start": 1605165549861,
    "end": 1605165549866,
    "duration": 5,
    "pid": 80405,
    "index": 38
  },
  {
    "name": "Require(33) node_modules/egg/app/extend/request.js",
    "start": 1605165549864,
    "end": 1605165549865,
    "duration": 1,
    "pid": 80405,
    "index": 39
  },
  {
    "name": "Require(34) app/extend/request.js",
    "start": 1605165549865,
    "end": 1605165549865,
    "duration": 0,
    "pid": 80405,
    "index": 40
  },
  {
    "name": "Load extend/response.js",
    "start": 1605165549866,
    "end": 1605165549871,
    "duration": 5,
    "pid": 80405,
    "index": 41
  },
  {
    "name": "Require(35) node_modules/egg/app/extend/response.js",
    "start": 1605165549867,
    "end": 1605165549868,
    "duration": 1,
    "pid": 80405,
    "index": 42
  },
  {
    "name": "Require(36) app/extend/response.js",
    "start": 1605165549868,
    "end": 1605165549868,
    "duration": 0,
    "pid": 80405,
    "index": 43
  },
  {
    "name": "Load extend/context.js",
    "start": 1605165549871,
    "end": 1605165549902,
    "duration": 31,
    "pid": 80405,
    "index": 44
  },
  {
    "name": "Require(37) node_modules/egg-security/app/extend/context.js",
    "start": 1605165549871,
    "end": 1605165549875,
    "duration": 4,
    "pid": 80405,
    "index": 45
  },
  {
    "name": "Require(38) node_modules/egg-jsonp/app/extend/context.js",
    "start": 1605165549875,
    "end": 1605165549875,
    "duration": 0,
    "pid": 80405,
    "index": 46
  },
  {
    "name": "Require(39) node_modules/egg-i18n/app/extend/context.js",
    "start": 1605165549875,
    "end": 1605165549875,
    "duration": 0,
    "pid": 80405,
    "index": 47
  },
  {
    "name": "Require(40) node_modules/egg-multipart/app/extend/context.js",
    "start": 1605165549876,
    "end": 1605165549898,
    "duration": 22,
    "pid": 80405,
    "index": 48
  },
  {
    "name": "Require(41) node_modules/egg-view/app/extend/context.js",
    "start": 1605165549898,
    "end": 1605165549899,
    "duration": 1,
    "pid": 80405,
    "index": 49
  },
  {
    "name": "Require(42) node_modules/egg-validate/app/extend/context.js",
    "start": 1605165549899,
    "end": 1605165549899,
    "duration": 0,
    "pid": 80405,
    "index": 50
  },
  {
    "name": "Require(43) lib/plugin/egg-info/app/extend/context.js",
    "start": 1605165549899,
    "end": 1605165549899,
    "duration": 0,
    "pid": 80405,
    "index": 51
  },
  {
    "name": "Require(44) node_modules/egg/app/extend/context.js",
    "start": 1605165549900,
    "end": 1605165549900,
    "duration": 0,
    "pid": 80405,
    "index": 52
  },
  {
    "name": "Require(45) app/extend/context.js",
    "start": 1605165549900,
    "end": 1605165549900,
    "duration": 0,
    "pid": 80405,
    "index": 53
  },
  {
    "name": "Load extend/helper.js",
    "start": 1605165549902,
    "end": 1605165549912,
    "duration": 10,
    "pid": 80405,
    "index": 54
  },
  {
    "name": "Require(46) node_modules/egg-security/app/extend/helper.js",
    "start": 1605165549902,
    "end": 1605165549908,
    "duration": 6,
    "pid": 80405,
    "index": 55
  },
  {
    "name": "Require(47) node_modules/egg/app/extend/helper.js",
    "start": 1605165549909,
    "end": 1605165549910,
    "duration": 1,
    "pid": 80405,
    "index": 56
  },
  {
    "name": "Require(48) app/extend/helper.js",
    "start": 1605165549910,
    "end": 1605165549911,
    "duration": 1,
    "pid": 80405,
    "index": 57
  },
  {
    "name": "Load app.js",
    "start": 1605165549912,
    "end": 1605165549934,
    "duration": 22,
    "pid": 80405,
    "index": 58
  },
  {
    "name": "Require(49) node_modules/egg-session/app.js",
    "start": 1605165549912,
    "end": 1605165549912,
    "duration": 0,
    "pid": 80405,
    "index": 59
  },
  {
    "name": "Require(50) node_modules/egg-security/app.js",
    "start": 1605165549912,
    "end": 1605165549913,
    "duration": 1,
    "pid": 80405,
    "index": 60
  },
  {
    "name": "Require(51) node_modules/egg-onerror/app.js",
    "start": 1605165549913,
    "end": 1605165549915,
    "duration": 2,
    "pid": 80405,
    "index": 61
  },
  {
    "name": "Require(52) node_modules/egg-i18n/app.js",
    "start": 1605165549915,
    "end": 1605165549922,
    "duration": 7,
    "pid": 80405,
    "index": 62
  },
  {
    "name": "Require(53) node_modules/egg-watcher/app.js",
    "start": 1605165549922,
    "end": 1605165549923,
    "duration": 1,
    "pid": 80405,
    "index": 63
  },
  {
    "name": "Require(54) node_modules/egg-schedule/app.js",
    "start": 1605165549923,
    "end": 1605165549923,
    "duration": 0,
    "pid": 80405,
    "index": 64
  },
  {
    "name": "Require(55) node_modules/egg-multipart/app.js",
    "start": 1605165549924,
    "end": 1605165549924,
    "duration": 0,
    "pid": 80405,
    "index": 65
  },
  {
    "name": "Require(56) node_modules/egg-development/app.js",
    "start": 1605165549924,
    "end": 1605165549924,
    "duration": 0,
    "pid": 80405,
    "index": 66
  },
  {
    "name": "Require(57) node_modules/egg-logrotator/app.js",
    "start": 1605165549924,
    "end": 1605165549924,
    "duration": 0,
    "pid": 80405,
    "index": 67
  },
  {
    "name": "Require(58) node_modules/egg-static/app.js",
    "start": 1605165549924,
    "end": 1605165549924,
    "duration": 0,
    "pid": 80405,
    "index": 68
  },
  {
    "name": "Require(59) node_modules/egg-validate/app.js",
    "start": 1605165549925,
    "end": 1605165549926,
    "duration": 1,
    "pid": 80405,
    "index": 69
  },
  {
    "name": "Require(60) node_modules/egg-view-ejs/app.js",
    "start": 1605165549926,
    "end": 1605165549926,
    "duration": 0,
    "pid": 80405,
    "index": 70
  },
  {
    "name": "Require(61) node_modules/egg-mysql/app.js",
    "start": 1605165549926,
    "end": 1605165549932,
    "duration": 6,
    "pid": 80405,
    "index": 71
  },
  {
    "name": "Require(62) node_modules/egg-sequelize/app.js",
    "start": 1605165549932,
    "end": 1605165549932,
    "duration": 0,
    "pid": 80405,
    "index": 72
  },
  {
    "name": "Require(63) node_modules/egg-jwt/app.js",
    "start": 1605165549932,
    "end": 1605165549932,
    "duration": 0,
    "pid": 80405,
    "index": 73
  },
  {
    "name": "Require(64) node_modules/egg-redis/app.js",
    "start": 1605165549932,
    "end": 1605165549932,
    "duration": 0,
    "pid": 80405,
    "index": 74
  },
  {
    "name": "Require(65) app.js",
    "start": 1605165549933,
    "end": 1605165549934,
    "duration": 1,
    "pid": 80405,
    "index": 75
  },
  {
    "name": "Before Start in node_modules/egg-watcher/lib/init.js:15:14",
    "start": 1605165549940,
    "end": 1605165550220,
    "duration": 280,
    "pid": 80405,
    "index": 76
  },
  {
    "name": "Before Start in node_modules/egg-mysql/lib/mysql.js:20:7",
    "start": 1605165549985,
    "end": 1605165550227,
    "duration": 242,
    "pid": 80405,
    "index": 77
  },
  {
    "name": "Load \"Symbol(model)\" to Application",
    "start": 1605165550115,
    "end": 1605165550123,
    "duration": 8,
    "pid": 80405,
    "index": 78
  },
  {
    "name": "Before Start in node_modules/egg-sequelize/lib/loader.js:39:7",
    "start": 1605165550125,
    "end": 1605165550244,
    "duration": 119,
    "pid": 80405,
    "index": 79
  },
  {
    "name": "Before Start in node_modules/egg-redis/lib/redis.js:53:7",
    "start": 1605165550150,
    "end": 1605165550218,
    "duration": 68,
    "pid": 80405,
    "index": 80
  },
  {
    "name": "Load Service",
    "start": 1605165550150,
    "end": 1605165550156,
    "duration": 6,
    "pid": 80405,
    "index": 81
  },
  {
    "name": "Load \"service\" to Context",
    "start": 1605165550150,
    "end": 1605165550156,
    "duration": 6,
    "pid": 80405,
    "index": 82
  },
  {
    "name": "Load Middleware",
    "start": 1605165550156,
    "end": 1605165550196,
    "duration": 40,
    "pid": 80405,
    "index": 83
  },
  {
    "name": "Load \"middlewares\" to Application",
    "start": 1605165550156,
    "end": 1605165550190,
    "duration": 34,
    "pid": 80405,
    "index": 84
  },
  {
    "name": "Load Controller",
    "start": 1605165550196,
    "end": 1605165550198,
    "duration": 2,
    "pid": 80405,
    "index": 85
  },
  {
    "name": "Load \"controller\" to Application",
    "start": 1605165550196,
    "end": 1605165550198,
    "duration": 2,
    "pid": 80405,
    "index": 86
  },
  {
    "name": "Load Router",
    "start": 1605165550198,
    "end": 1605165550200,
    "duration": 2,
    "pid": 80405,
    "index": 87
  },
  {
    "name": "Require(66) app/router.js",
    "start": 1605165550198,
    "end": 1605165550198,
    "duration": 0,
    "pid": 80405,
    "index": 88
  },
  {
    "name": "Before Start in node_modules/egg-core/lib/egg.js:303:10",
    "start": 1605165550198,
    "end": 1605165550209,
    "duration": 11,
    "pid": 80405,
    "index": 89
  }
]