[
  {
    "name": "Process Start",
    "start": 1605146613372,
    "end": 1605146613806,
    "duration": 434,
    "pid": 72554,
    "index": 0
  },
  {
    "name": "Application Start",
    "start": 1605146613806,
    "end": 1605146614237,
    "duration": 431,
    "pid": 72554,
    "index": 1
  },
  {
    "name": "Load Plugin",
    "start": 1605146613809,
    "end": 1605146613817,
    "duration": 8,
    "pid": 72554,
    "index": 2
  },
  {
    "name": "Load Config",
    "start": 1605146613817,
    "end": 1605146613830,
    "duration": 13,
    "pid": 72554,
    "index": 3
  },
  {
    "name": "Require(0) config/config.default.js",
    "start": 1605146613818,
    "end": 1605146613818,
    "duration": 0,
    "pid": 72554,
    "index": 4
  },
  {
    "name": "Require(1) node_modules/egg-session/config/config.default.js",
    "start": 1605146613819,
    "end": 1605146613819,
    "duration": 0,
    "pid": 72554,
    "index": 5
  },
  {
    "name": "Require(2) node_modules/egg-security/config/config.default.js",
    "start": 1605146613819,
    "end": 1605146613819,
    "duration": 0,
    "pid": 72554,
    "index": 6
  },
  {
    "name": "Require(3) node_modules/egg-jsonp/config/config.default.js",
    "start": 1605146613820,
    "end": 1605146613820,
    "duration": 0,
    "pid": 72554,
    "index": 7
  },
  {
    "name": "Require(4) node_modules/egg-onerror/config/config.default.js",
    "start": 1605146613820,
    "end": 1605146613820,
    "duration": 0,
    "pid": 72554,
    "index": 8
  },
  {
    "name": "Require(5) node_modules/egg-i18n/config/config.default.js",
    "start": 1605146613821,
    "end": 1605146613821,
    "duration": 0,
    "pid": 72554,
    "index": 9
  },
  {
    "name": "Require(6) node_modules/egg-watcher/config/config.default.js",
    "start": 1605146613821,
    "end": 1605146613821,
    "duration": 0,
    "pid": 72554,
    "index": 10
  },
  {
    "name": "Require(7) node_modules/egg-schedule/config/config.default.js",
    "start": 1605146613822,
    "end": 1605146613822,
    "duration": 0,
    "pid": 72554,
    "index": 11
  },
  {
    "name": "Require(8) node_modules/egg-multipart/config/config.default.js",
    "start": 1605146613822,
    "end": 1605146613822,
    "duration": 0,
    "pid": 72554,
    "index": 12
  },
  {
    "name": "Require(9) node_modules/egg-development/config/config.default.js",
    "start": 1605146613822,
    "end": 1605146613823,
    "duration": 1,
    "pid": 72554,
    "index": 13
  },
  {
    "name": "Require(10) node_modules/egg-logrotator/config/config.default.js",
    "start": 1605146613823,
    "end": 1605146613823,
    "duration": 0,
    "pid": 72554,
    "index": 14
  },
  {
    "name": "Require(11) node_modules/egg-static/config/config.default.js",
    "start": 1605146613823,
    "end": 1605146613823,
    "duration": 0,
    "pid": 72554,
    "index": 15
  },
  {
    "name": "Require(12) node_modules/egg-view/config/config.default.js",
    "start": 1605146613823,
    "end": 1605146613824,
    "duration": 1,
    "pid": 72554,
    "index": 16
  },
  {
    "name": "Require(13) node_modules/egg-validate/config/config.default.js",
    "start": 1605146613824,
    "end": 1605146613824,
    "duration": 0,
    "pid": 72554,
    "index": 17
  },
  {
    "name": "Require(14) node_modules/egg-view-ejs/config/config.default.js",
    "start": 1605146613824,
    "end": 1605146613824,
    "duration": 0,
    "pid": 72554,
    "index": 18
  },
  {
    "name": "Require(15) node_modules/egg-mysql/config/config.default.js",
    "start": 1605146613825,
    "end": 1605146613825,
    "duration": 0,
    "pid": 72554,
    "index": 19
  },
  {
    "name": "Require(16) node_modules/egg-sequelize/config/config.default.js",
    "start": 1605146613825,
    "end": 1605146613825,
    "duration": 0,
    "pid": 72554,
    "index": 20
  },
  {
    "name": "Require(17) node_modules/egg-jwt/config/config.default.js",
    "start": 1605146613825,
    "end": 1605146613825,
    "duration": 0,
    "pid": 72554,
    "index": 21
  },
  {
    "name": "Require(18) node_modules/egg-redis/config/config.default.js",
    "start": 1605146613826,
    "end": 1605146613826,
    "duration": 0,
    "pid": 72554,
    "index": 22
  },
  {
    "name": "Require(19) node_modules/egg/config/config.default.js",
    "start": 1605146613826,
    "end": 1605146613826,
    "duration": 0,
    "pid": 72554,
    "index": 23
  },
  {
    "name": "Require(20) config/config.default.js",
    "start": 1605146613827,
    "end": 1605146613827,
    "duration": 0,
    "pid": 72554,
    "index": 24
  },
  {
    "name": "Require(21) node_modules/egg-security/config/config.local.js",
    "start": 1605146613827,
    "end": 1605146613828,
    "duration": 1,
    "pid": 72554,
    "index": 25
  },
  {
    "name": "Require(22) node_modules/egg-watcher/config/config.local.js",
    "start": 1605146613828,
    "end": 1605146613828,
    "duration": 0,
    "pid": 72554,
    "index": 26
  },
  {
    "name": "Require(23) node_modules/egg-view/config/config.local.js",
    "start": 1605146613828,
    "end": 1605146613828,
    "duration": 0,
    "pid": 72554,
    "index": 27
  },
  {
    "name": "Require(24) node_modules/egg-view-ejs/config/config.local.js",
    "start": 1605146613829,
    "end": 1605146613829,
    "duration": 0,
    "pid": 72554,
    "index": 28
  },
  {
    "name": "Require(25) node_modules/egg/config/config.local.js",
    "start": 1605146613830,
    "end": 1605146613830,
    "duration": 0,
    "pid": 72554,
    "index": 29
  },
  {
    "name": "Load extend/application.js",
    "start": 1605146613831,
    "end": 1605146613851,
    "duration": 20,
    "pid": 72554,
    "index": 30
  },
  {
    "name": "Require(26) node_modules/egg-session/app/extend/application.js",
    "start": 1605146613831,
    "end": 1605146613831,
    "duration": 0,
    "pid": 72554,
    "index": 31
  },
  {
    "name": "Require(27) node_modules/egg-security/app/extend/application.js",
    "start": 1605146613831,
    "end": 1605146613832,
    "duration": 1,
    "pid": 72554,
    "index": 32
  },
  {
    "name": "Require(28) node_modules/egg-jsonp/app/extend/application.js",
    "start": 1605146613832,
    "end": 1605146613832,
    "duration": 0,
    "pid": 72554,
    "index": 33
  },
  {
    "name": "Require(29) node_modules/egg-logrotator/app/extend/application.js",
    "start": 1605146613833,
    "end": 1605146613833,
    "duration": 0,
    "pid": 72554,
    "index": 34
  },
  {
    "name": "Require(30) node_modules/egg-view/app/extend/application.js",
    "start": 1605146613833,
    "end": 1605146613834,
    "duration": 1,
    "pid": 72554,
    "index": 35
  },
  {
    "name": "Require(31) node_modules/egg-jwt/app/extend/application.js",
    "start": 1605146613835,
    "end": 1605146613849,
    "duration": 14,
    "pid": 72554,
    "index": 36
  },
  {
    "name": "Require(32) app/extend/application.js",
    "start": 1605146613849,
    "end": 1605146613850,
    "duration": 1,
    "pid": 72554,
    "index": 37
  },
  {
    "name": "Load extend/request.js",
    "start": 1605146613851,
    "end": 1605146613855,
    "duration": 4,
    "pid": 72554,
    "index": 38
  },
  {
    "name": "Require(33) node_modules/egg/app/extend/request.js",
    "start": 1605146613852,
    "end": 1605146613852,
    "duration": 0,
    "pid": 72554,
    "index": 39
  },
  {
    "name": "Require(34) app/extend/request.js",
    "start": 1605146613852,
    "end": 1605146613853,
    "duration": 1,
    "pid": 72554,
    "index": 40
  },
  {
    "name": "Load extend/response.js",
    "start": 1605146613855,
    "end": 1605146613858,
    "duration": 3,
    "pid": 72554,
    "index": 41
  },
  {
    "name": "Require(35) node_modules/egg/app/extend/response.js",
    "start": 1605146613856,
    "end": 1605146613857,
    "duration": 1,
    "pid": 72554,
    "index": 42
  },
  {
    "name": "Require(36) app/extend/response.js",
    "start": 1605146613857,
    "end": 1605146613857,
    "duration": 0,
    "pid": 72554,
    "index": 43
  },
  {
    "name": "Load extend/context.js",
    "start": 1605146613859,
    "end": 1605146613887,
    "duration": 28,
    "pid": 72554,
    "index": 44
  },
  {
    "name": "Require(37) node_modules/egg-security/app/extend/context.js",
    "start": 1605146613859,
    "end": 1605146613862,
    "duration": 3,
    "pid": 72554,
    "index": 45
  },
  {
    "name": "Require(38) node_modules/egg-jsonp/app/extend/context.js",
    "start": 1605146613862,
    "end": 1605146613862,
    "duration": 0,
    "pid": 72554,
    "index": 46
  },
  {
    "name": "Require(39) node_modules/egg-i18n/app/extend/context.js",
    "start": 1605146613862,
    "end": 1605146613862,
    "duration": 0,
    "pid": 72554,
    "index": 47
  },
  {
    "name": "Require(40) node_modules/egg-multipart/app/extend/context.js",
    "start": 1605146613863,
    "end": 1605146613883,
    "duration": 20,
    "pid": 72554,
    "index": 48
  },
  {
    "name": "Require(41) node_modules/egg-view/app/extend/context.js",
    "start": 1605146613883,
    "end": 1605146613884,
    "duration": 1,
    "pid": 72554,
    "index": 49
  },
  {
    "name": "Require(42) node_modules/egg-validate/app/extend/context.js",
    "start": 1605146613884,
    "end": 1605146613884,
    "duration": 0,
    "pid": 72554,
    "index": 50
  },
  {
    "name": "Require(43) lib/plugin/egg-info/app/extend/context.js",
    "start": 1605146613884,
    "end": 1605146613885,
    "duration": 1,
    "pid": 72554,
    "index": 51
  },
  {
    "name": "Require(44) node_modules/egg/app/extend/context.js",
    "start": 1605146613885,
    "end": 1605146613886,
    "duration": 1,
    "pid": 72554,
    "index": 52
  },
  {
    "name": "Require(45) app/extend/context.js",
    "start": 1605146613886,
    "end": 1605146613886,
    "duration": 0,
    "pid": 72554,
    "index": 53
  },
  {
    "name": "Load extend/helper.js",
    "start": 1605146613887,
    "end": 1605146613896,
    "duration": 9,
    "pid": 72554,
    "index": 54
  },
  {
    "name": "Require(46) node_modules/egg-security/app/extend/helper.js",
    "start": 1605146613887,
    "end": 1605146613893,
    "duration": 6,
    "pid": 72554,
    "index": 55
  },
  {
    "name": "Require(47) node_modules/egg/app/extend/helper.js",
    "start": 1605146613894,
    "end": 1605146613894,
    "duration": 0,
    "pid": 72554,
    "index": 56
  },
  {
    "name": "Require(48) app/extend/helper.js",
    "start": 1605146613894,
    "end": 1605146613895,
    "duration": 1,
    "pid": 72554,
    "index": 57
  },
  {
    "name": "Load app.js",
    "start": 1605146613897,
    "end": 1605146613918,
    "duration": 21,
    "pid": 72554,
    "index": 58
  },
  {
    "name": "Require(49) node_modules/egg-session/app.js",
    "start": 1605146613897,
    "end": 1605146613897,
    "duration": 0,
    "pid": 72554,
    "index": 59
  },
  {
    "name": "Require(50) node_modules/egg-security/app.js",
    "start": 1605146613897,
    "end": 1605146613897,
    "duration": 0,
    "pid": 72554,
    "index": 60
  },
  {
    "name": "Require(51) node_modules/egg-onerror/app.js",
    "start": 1605146613898,
    "end": 1605146613901,
    "duration": 3,
    "pid": 72554,
    "index": 61
  },
  {
    "name": "Require(52) node_modules/egg-i18n/app.js",
    "start": 1605146613901,
    "end": 1605146613906,
    "duration": 5,
    "pid": 72554,
    "index": 62
  },
  {
    "name": "Require(53) node_modules/egg-watcher/app.js",
    "start": 1605146613906,
    "end": 1605146613907,
    "duration": 1,
    "pid": 72554,
    "index": 63
  },
  {
    "name": "Require(54) node_modules/egg-schedule/app.js",
    "start": 1605146613907,
    "end": 1605146613908,
    "duration": 1,
    "pid": 72554,
    "index": 64
  },
  {
    "name": "Require(55) node_modules/egg-multipart/app.js",
    "start": 1605146613908,
    "end": 1605146613908,
    "duration": 0,
    "pid": 72554,
    "index": 65
  },
  {
    "name": "Require(56) node_modules/egg-development/app.js",
    "start": 1605146613908,
    "end": 1605146613909,
    "duration": 1,
    "pid": 72554,
    "index": 66
  },
  {
    "name": "Require(57) node_modules/egg-logrotator/app.js",
    "start": 1605146613909,
    "end": 1605146613909,
    "duration": 0,
    "pid": 72554,
    "index": 67
  },
  {
    "name": "Require(58) node_modules/egg-static/app.js",
    "start": 1605146613909,
    "end": 1605146613909,
    "duration": 0,
    "pid": 72554,
    "index": 68
  },
  {
    "name": "Require(59) node_modules/egg-validate/app.js",
    "start": 1605146613909,
    "end": 1605146613910,
    "duration": 1,
    "pid": 72554,
    "index": 69
  },
  {
    "name": "Require(60) node_modules/egg-view-ejs/app.js",
    "start": 1605146613910,
    "end": 1605146613910,
    "duration": 0,
    "pid": 72554,
    "index": 70
  },
  {
    "name": "Require(61) node_modules/egg-mysql/app.js",
    "start": 1605146613910,
    "end": 1605146613916,
    "duration": 6,
    "pid": 72554,
    "index": 71
  },
  {
    "name": "Require(62) node_modules/egg-sequelize/app.js",
    "start": 1605146613916,
    "end": 1605146613916,
    "duration": 0,
    "pid": 72554,
    "index": 72
  },
  {
    "name": "Require(63) node_modules/egg-jwt/app.js",
    "start": 1605146613916,
    "end": 1605146613916,
    "duration": 0,
    "pid": 72554,
    "index": 73
  },
  {
    "name": "Require(64) node_modules/egg-redis/app.js",
    "start": 1605146613916,
    "end": 1605146613917,
    "duration": 1,
    "pid": 72554,
    "index": 74
  },
  {
    "name": "Require(65) app.js",
    "start": 1605146613917,
    "end": 1605146613917,
    "duration": 0,
    "pid": 72554,
    "index": 75
  },
  {
    "name": "Before Start in node_modules/egg-watcher/lib/init.js:15:14",
    "start": 1605146613922,
    "end": 1605146614209,
    "duration": 287,
    "pid": 72554,
    "index": 76
  },
  {
    "name": "Before Start in node_modules/egg-mysql/lib/mysql.js:20:7",
    "start": 1605146613967,
    "end": 1605146614219,
    "duration": 252,
    "pid": 72554,
    "index": 77
  },
  {
    "name": "Load \"Symbol(model)\" to Application",
    "start": 1605146614100,
    "end": 1605146614109,
    "duration": 9,
    "pid": 72554,
    "index": 78
  },
  {
    "name": "Before Start in node_modules/egg-sequelize/lib/loader.js:39:7",
    "start": 1605146614111,
    "end": 1605146614237,
    "duration": 126,
    "pid": 72554,
    "index": 79
  },
  {
    "name": "Before Start in node_modules/egg-redis/lib/redis.js:53:7",
    "start": 1605146614136,
    "end": 1605146614207,
    "duration": 71,
    "pid": 72554,
    "index": 80
  },
  {
    "name": "Load Service",
    "start": 1605146614136,
    "end": 1605146614142,
    "duration": 6,
    "pid": 72554,
    "index": 81
  },
  {
    "name": "Load \"service\" to Context",
    "start": 1605146614136,
    "end": 1605146614142,
    "duration": 6,
    "pid": 72554,
    "index": 82
  },
  {
    "name": "Load Middleware",
    "start": 1605146614142,
    "end": 1605146614184,
    "duration": 42,
    "pid": 72554,
    "index": 83
  },
  {
    "name": "Load \"middlewares\" to Application",
    "start": 1605146614143,
    "end": 1605146614177,
    "duration": 34,
    "pid": 72554,
    "index": 84
  },
  {
    "name": "Load Controller",
    "start": 1605146614184,
    "end": 1605146614186,
    "duration": 2,
    "pid": 72554,
    "index": 85
  },
  {
    "name": "Load \"controller\" to Application",
    "start": 1605146614184,
    "end": 1605146614186,
    "duration": 2,
    "pid": 72554,
    "index": 86
  },
  {
    "name": "Load Router",
    "start": 1605146614186,
    "end": 1605146614188,
    "duration": 2,
    "pid": 72554,
    "index": 87
  },
  {
    "name": "Require(66) app/router.js",
    "start": 1605146614186,
    "end": 1605146614186,
    "duration": 0,
    "pid": 72554,
    "index": 88
  },
  {
    "name": "Before Start in node_modules/egg-core/lib/egg.js:303:10",
    "start": 1605146614187,
    "end": 1605146614198,
    "duration": 11,
    "pid": 72554,
    "index": 89
  }
]