[
  {
    "name": "Process Start",
    "start": 1605145618756,
    "end": 1605145619175,
    "duration": 419,
    "pid": 71991,
    "index": 0
  },
  {
    "name": "Application Start",
    "start": 1605145619176,
    "end": 1605145619628,
    "duration": 452,
    "pid": 71991,
    "index": 1
  },
  {
    "name": "Load Plugin",
    "start": 1605145619179,
    "end": 1605145619206,
    "duration": 27,
    "pid": 71991,
    "index": 2
  },
  {
    "name": "Load Config",
    "start": 1605145619206,
    "end": 1605145619219,
    "duration": 13,
    "pid": 71991,
    "index": 3
  },
  {
    "name": "Require(0) config/config.default.js",
    "start": 1605145619206,
    "end": 1605145619207,
    "duration": 1,
    "pid": 71991,
    "index": 4
  },
  {
    "name": "Require(1) node_modules/egg-session/config/config.default.js",
    "start": 1605145619208,
    "end": 1605145619208,
    "duration": 0,
    "pid": 71991,
    "index": 5
  },
  {
    "name": "Require(2) node_modules/egg-security/config/config.default.js",
    "start": 1605145619208,
    "end": 1605145619208,
    "duration": 0,
    "pid": 71991,
    "index": 6
  },
  {
    "name": "Require(3) node_modules/egg-jsonp/config/config.default.js",
    "start": 1605145619209,
    "end": 1605145619209,
    "duration": 0,
    "pid": 71991,
    "index": 7
  },
  {
    "name": "Require(4) node_modules/egg-onerror/config/config.default.js",
    "start": 1605145619209,
    "end": 1605145619209,
    "duration": 0,
    "pid": 71991,
    "index": 8
  },
  {
    "name": "Require(5) node_modules/egg-i18n/config/config.default.js",
    "start": 1605145619210,
    "end": 1605145619210,
    "duration": 0,
    "pid": 71991,
    "index": 9
  },
  {
    "name": "Require(6) node_modules/egg-watcher/config/config.default.js",
    "start": 1605145619210,
    "end": 1605145619210,
    "duration": 0,
    "pid": 71991,
    "index": 10
  },
  {
    "name": "Require(7) node_modules/egg-schedule/config/config.default.js",
    "start": 1605145619210,
    "end": 1605145619210,
    "duration": 0,
    "pid": 71991,
    "index": 11
  },
  {
    "name": "Require(8) node_modules/egg-multipart/config/config.default.js",
    "start": 1605145619211,
    "end": 1605145619211,
    "duration": 0,
    "pid": 71991,
    "index": 12
  },
  {
    "name": "Require(9) node_modules/egg-development/config/config.default.js",
    "start": 1605145619211,
    "end": 1605145619211,
    "duration": 0,
    "pid": 71991,
    "index": 13
  },
  {
    "name": "Require(10) node_modules/egg-logrotator/config/config.default.js",
    "start": 1605145619211,
    "end": 1605145619211,
    "duration": 0,
    "pid": 71991,
    "index": 14
  },
  {
    "name": "Require(11) node_modules/egg-static/config/config.default.js",
    "start": 1605145619212,
    "end": 1605145619212,
    "duration": 0,
    "pid": 71991,
    "index": 15
  },
  {
    "name": "Require(12) node_modules/egg-view/config/config.default.js",
    "start": 1605145619212,
    "end": 1605145619212,
    "duration": 0,
    "pid": 71991,
    "index": 16
  },
  {
    "name": "Require(13) node_modules/egg-validate/config/config.default.js",
    "start": 1605145619212,
    "end": 1605145619213,
    "duration": 1,
    "pid": 71991,
    "index": 17
  },
  {
    "name": "Require(14) node_modules/egg-view-ejs/config/config.default.js",
    "start": 1605145619213,
    "end": 1605145619213,
    "duration": 0,
    "pid": 71991,
    "index": 18
  },
  {
    "name": "Require(15) node_modules/egg-mysql/config/config.default.js",
    "start": 1605145619213,
    "end": 1605145619214,
    "duration": 1,
    "pid": 71991,
    "index": 19
  },
  {
    "name": "Require(16) node_modules/egg-sequelize/config/config.default.js",
    "start": 1605145619214,
    "end": 1605145619214,
    "duration": 0,
    "pid": 71991,
    "index": 20
  },
  {
    "name": "Require(17) node_modules/egg-jwt/config/config.default.js",
    "start": 1605145619214,
    "end": 1605145619214,
    "duration": 0,
    "pid": 71991,
    "index": 21
  },
  {
    "name": "Require(18) node_modules/egg-redis/config/config.default.js",
    "start": 1605145619214,
    "end": 1605145619215,
    "duration": 1,
    "pid": 71991,
    "index": 22
  },
  {
    "name": "Require(19) node_modules/egg/config/config.default.js",
    "start": 1605145619215,
    "end": 1605145619216,
    "duration": 1,
    "pid": 71991,
    "index": 23
  },
  {
    "name": "Require(20) config/config.default.js",
    "start": 1605145619216,
    "end": 1605145619216,
    "duration": 0,
    "pid": 71991,
    "index": 24
  },
  {
    "name": "Require(21) node_modules/egg-security/config/config.local.js",
    "start": 1605145619217,
    "end": 1605145619217,
    "duration": 0,
    "pid": 71991,
    "index": 25
  },
  {
    "name": "Require(22) node_modules/egg-watcher/config/config.local.js",
    "start": 1605145619217,
    "end": 1605145619217,
    "duration": 0,
    "pid": 71991,
    "index": 26
  },
  {
    "name": "Require(23) node_modules/egg-view/config/config.local.js",
    "start": 1605145619218,
    "end": 1605145619218,
    "duration": 0,
    "pid": 71991,
    "index": 27
  },
  {
    "name": "Require(24) node_modules/egg-view-ejs/config/config.local.js",
    "start": 1605145619218,
    "end": 1605145619218,
    "duration": 0,
    "pid": 71991,
    "index": 28
  },
  {
    "name": "Require(25) node_modules/egg/config/config.local.js",
    "start": 1605145619219,
    "end": 1605145619219,
    "duration": 0,
    "pid": 71991,
    "index": 29
  },
  {
    "name": "Load extend/application.js",
    "start": 1605145619220,
    "end": 1605145619238,
    "duration": 18,
    "pid": 71991,
    "index": 30
  },
  {
    "name": "Require(26) node_modules/egg-session/app/extend/application.js",
    "start": 1605145619220,
    "end": 1605145619220,
    "duration": 0,
    "pid": 71991,
    "index": 31
  },
  {
    "name": "Require(27) node_modules/egg-security/app/extend/application.js",
    "start": 1605145619220,
    "end": 1605145619221,
    "duration": 1,
    "pid": 71991,
    "index": 32
  },
  {
    "name": "Require(28) node_modules/egg-jsonp/app/extend/application.js",
    "start": 1605145619221,
    "end": 1605145619221,
    "duration": 0,
    "pid": 71991,
    "index": 33
  },
  {
    "name": "Require(29) node_modules/egg-logrotator/app/extend/application.js",
    "start": 1605145619222,
    "end": 1605145619222,
    "duration": 0,
    "pid": 71991,
    "index": 34
  },
  {
    "name": "Require(30) node_modules/egg-view/app/extend/application.js",
    "start": 1605145619222,
    "end": 1605145619223,
    "duration": 1,
    "pid": 71991,
    "index": 35
  },
  {
    "name": "Require(31) node_modules/egg-jwt/app/extend/application.js",
    "start": 1605145619223,
    "end": 1605145619237,
    "duration": 14,
    "pid": 71991,
    "index": 36
  },
  {
    "name": "Require(32) app/extend/application.js",
    "start": 1605145619237,
    "end": 1605145619237,
    "duration": 0,
    "pid": 71991,
    "index": 37
  },
  {
    "name": "Load extend/request.js",
    "start": 1605145619238,
    "end": 1605145619243,
    "duration": 5,
    "pid": 71991,
    "index": 38
  },
  {
    "name": "Require(33) node_modules/egg/app/extend/request.js",
    "start": 1605145619240,
    "end": 1605145619241,
    "duration": 1,
    "pid": 71991,
    "index": 39
  },
  {
    "name": "Require(34) app/extend/request.js",
    "start": 1605145619241,
    "end": 1605145619242,
    "duration": 1,
    "pid": 71991,
    "index": 40
  },
  {
    "name": "Load extend/response.js",
    "start": 1605145619243,
    "end": 1605145619246,
    "duration": 3,
    "pid": 71991,
    "index": 41
  },
  {
    "name": "Require(35) node_modules/egg/app/extend/response.js",
    "start": 1605145619244,
    "end": 1605145619244,
    "duration": 0,
    "pid": 71991,
    "index": 42
  },
  {
    "name": "Require(36) app/extend/response.js",
    "start": 1605145619244,
    "end": 1605145619244,
    "duration": 0,
    "pid": 71991,
    "index": 43
  },
  {
    "name": "Load extend/context.js",
    "start": 1605145619246,
    "end": 1605145619274,
    "duration": 28,
    "pid": 71991,
    "index": 44
  },
  {
    "name": "Require(37) node_modules/egg-security/app/extend/context.js",
    "start": 1605145619246,
    "end": 1605145619250,
    "duration": 4,
    "pid": 71991,
    "index": 45
  },
  {
    "name": "Require(38) node_modules/egg-jsonp/app/extend/context.js",
    "start": 1605145619250,
    "end": 1605145619250,
    "duration": 0,
    "pid": 71991,
    "index": 46
  },
  {
    "name": "Require(39) node_modules/egg-i18n/app/extend/context.js",
    "start": 1605145619251,
    "end": 1605145619251,
    "duration": 0,
    "pid": 71991,
    "index": 47
  },
  {
    "name": "Require(40) node_modules/egg-multipart/app/extend/context.js",
    "start": 1605145619251,
    "end": 1605145619271,
    "duration": 20,
    "pid": 71991,
    "index": 48
  },
  {
    "name": "Require(41) node_modules/egg-view/app/extend/context.js",
    "start": 1605145619271,
    "end": 1605145619272,
    "duration": 1,
    "pid": 71991,
    "index": 49
  },
  {
    "name": "Require(42) node_modules/egg-validate/app/extend/context.js",
    "start": 1605145619272,
    "end": 1605145619272,
    "duration": 0,
    "pid": 71991,
    "index": 50
  },
  {
    "name": "Require(43) lib/plugin/egg-info/app/extend/context.js",
    "start": 1605145619272,
    "end": 1605145619273,
    "duration": 1,
    "pid": 71991,
    "index": 51
  },
  {
    "name": "Require(44) node_modules/egg/app/extend/context.js",
    "start": 1605145619273,
    "end": 1605145619273,
    "duration": 0,
    "pid": 71991,
    "index": 52
  },
  {
    "name": "Require(45) app/extend/context.js",
    "start": 1605145619273,
    "end": 1605145619274,
    "duration": 1,
    "pid": 71991,
    "index": 53
  },
  {
    "name": "Load extend/helper.js",
    "start": 1605145619275,
    "end": 1605145619284,
    "duration": 9,
    "pid": 71991,
    "index": 54
  },
  {
    "name": "Require(46) node_modules/egg-security/app/extend/helper.js",
    "start": 1605145619275,
    "end": 1605145619281,
    "duration": 6,
    "pid": 71991,
    "index": 55
  },
  {
    "name": "Require(47) node_modules/egg/app/extend/helper.js",
    "start": 1605145619282,
    "end": 1605145619282,
    "duration": 0,
    "pid": 71991,
    "index": 56
  },
  {
    "name": "Require(48) app/extend/helper.js",
    "start": 1605145619282,
    "end": 1605145619283,
    "duration": 1,
    "pid": 71991,
    "index": 57
  },
  {
    "name": "Load app.js",
    "start": 1605145619284,
    "end": 1605145619306,
    "duration": 22,
    "pid": 71991,
    "index": 58
  },
  {
    "name": "Require(49) node_modules/egg-session/app.js",
    "start": 1605145619285,
    "end": 1605145619285,
    "duration": 0,
    "pid": 71991,
    "index": 59
  },
  {
    "name": "Require(50) node_modules/egg-security/app.js",
    "start": 1605145619285,
    "end": 1605145619285,
    "duration": 0,
    "pid": 71991,
    "index": 60
  },
  {
    "name": "Require(51) node_modules/egg-onerror/app.js",
    "start": 1605145619285,
    "end": 1605145619289,
    "duration": 4,
    "pid": 71991,
    "index": 61
  },
  {
    "name": "Require(52) node_modules/egg-i18n/app.js",
    "start": 1605145619289,
    "end": 1605145619294,
    "duration": 5,
    "pid": 71991,
    "index": 62
  },
  {
    "name": "Require(53) node_modules/egg-watcher/app.js",
    "start": 1605145619294,
    "end": 1605145619295,
    "duration": 1,
    "pid": 71991,
    "index": 63
  },
  {
    "name": "Require(54) node_modules/egg-schedule/app.js",
    "start": 1605145619295,
    "end": 1605145619296,
    "duration": 1,
    "pid": 71991,
    "index": 64
  },
  {
    "name": "Require(55) node_modules/egg-multipart/app.js",
    "start": 1605145619296,
    "end": 1605145619297,
    "duration": 1,
    "pid": 71991,
    "index": 65
  },
  {
    "name": "Require(56) node_modules/egg-development/app.js",
    "start": 1605145619297,
    "end": 1605145619297,
    "duration": 0,
    "pid": 71991,
    "index": 66
  },
  {
    "name": "Require(57) node_modules/egg-logrotator/app.js",
    "start": 1605145619297,
    "end": 1605145619297,
    "duration": 0,
    "pid": 71991,
    "index": 67
  },
  {
    "name": "Require(58) node_modules/egg-static/app.js",
    "start": 1605145619298,
    "end": 1605145619298,
    "duration": 0,
    "pid": 71991,
    "index": 68
  },
  {
    "name": "Require(59) node_modules/egg-validate/app.js",
    "start": 1605145619298,
    "end": 1605145619298,
    "duration": 0,
    "pid": 71991,
    "index": 69
  },
  {
    "name": "Require(60) node_modules/egg-view-ejs/app.js",
    "start": 1605145619299,
    "end": 1605145619299,
    "duration": 0,
    "pid": 71991,
    "index": 70
  },
  {
    "name": "Require(61) node_modules/egg-mysql/app.js",
    "start": 1605145619299,
    "end": 1605145619304,
    "duration": 5,
    "pid": 71991,
    "index": 71
  },
  {
    "name": "Require(62) node_modules/egg-sequelize/app.js",
    "start": 1605145619305,
    "end": 1605145619305,
    "duration": 0,
    "pid": 71991,
    "index": 72
  },
  {
    "name": "Require(63) node_modules/egg-jwt/app.js",
    "start": 1605145619305,
    "end": 1605145619305,
    "duration": 0,
    "pid": 71991,
    "index": 73
  },
  {
    "name": "Require(64) node_modules/egg-redis/app.js",
    "start": 1605145619305,
    "end": 1605145619305,
    "duration": 0,
    "pid": 71991,
    "index": 74
  },
  {
    "name": "Require(65) app.js",
    "start": 1605145619306,
    "end": 1605145619306,
    "duration": 0,
    "pid": 71991,
    "index": 75
  },
  {
    "name": "Before Start in node_modules/egg-watcher/lib/init.js:15:14",
    "start": 1605145619311,
    "end": 1605145619601,
    "duration": 290,
    "pid": 71991,
    "index": 76
  },
  {
    "name": "Before Start in node_modules/egg-mysql/lib/mysql.js:20:7",
    "start": 1605145619357,
    "end": 1605145619609,
    "duration": 252,
    "pid": 71991,
    "index": 77
  },
  {
    "name": "Load \"Symbol(model)\" to Application",
    "start": 1605145619487,
    "end": 1605145619496,
    "duration": 9,
    "pid": 71991,
    "index": 78
  },
  {
    "name": "Before Start in node_modules/egg-sequelize/lib/loader.js:39:7",
    "start": 1605145619499,
    "end": 1605145619627,
    "duration": 128,
    "pid": 71991,
    "index": 79
  },
  {
    "name": "Before Start in node_modules/egg-redis/lib/redis.js:53:7",
    "start": 1605145619525,
    "end": 1605145619599,
    "duration": 74,
    "pid": 71991,
    "index": 80
  },
  {
    "name": "Load Service",
    "start": 1605145619525,
    "end": 1605145619532,
    "duration": 7,
    "pid": 71991,
    "index": 81
  },
  {
    "name": "Load \"service\" to Context",
    "start": 1605145619526,
    "end": 1605145619532,
    "duration": 6,
    "pid": 71991,
    "index": 82
  },
  {
    "name": "Load Middleware",
    "start": 1605145619532,
    "end": 1605145619576,
    "duration": 44,
    "pid": 71991,
    "index": 83
  },
  {
    "name": "Load \"middlewares\" to Application",
    "start": 1605145619532,
    "end": 1605145619570,
    "duration": 38,
    "pid": 71991,
    "index": 84
  },
  {
    "name": "Load Controller",
    "start": 1605145619576,
    "end": 1605145619578,
    "duration": 2,
    "pid": 71991,
    "index": 85
  },
  {
    "name": "Load \"controller\" to Application",
    "start": 1605145619576,
    "end": 1605145619578,
    "duration": 2,
    "pid": 71991,
    "index": 86
  },
  {
    "name": "Load Router",
    "start": 1605145619578,
    "end": 1605145619580,
    "duration": 2,
    "pid": 71991,
    "index": 87
  },
  {
    "name": "Require(66) app/router.js",
    "start": 1605145619578,
    "end": 1605145619578,
    "duration": 0,
    "pid": 71991,
    "index": 88
  },
  {
    "name": "Before Start in node_modules/egg-core/lib/egg.js:303:10",
    "start": 1605145619579,
    "end": 1605145619590,
    "duration": 11,
    "pid": 71991,
    "index": 89
  }
]