[
  {
    "name": null,
    "methods": [
      "POST"
    ],
    "paramNames": [],
    "path": "/api/user/register",
    "regexp": "/^\\/api\\/user\\/register(?:\\/(?=$))?$/",
    "stack": [
      "wrappedController"
    ]
  },
  {
    "name": null,
    "methods": [
      "POST"
    ],
    "paramNames": [],
    "path": "/api/user/login",
    "regexp": "/^\\/api\\/user\\/login(?:\\/(?=$))?$/",
    "stack": [
      "wrappedController"
    ]
  },
  {
    "name": null,
    "methods": [
      "POST"
    ],
    "paramNames": [],
    "path": "/api/user/detail",
    "regexp": "/^\\/api\\/user\\/detail(?:\\/(?=$))?$/",
    "stack": [
      "anonymous",
      "wrappedController"
    ]
  },
  {
    "name": null,
    "methods": [
      "POST"
    ],
    "paramNames": [],
    "path": "/api/user/logout",
    "regexp": "/^\\/api\\/user\\/logout(?:\\/(?=$))?$/",
    "stack": [
      "wrappedController"
    ]
  },
  {
    "name": null,
    "methods": [
      "POST"
    ],
    "paramNames": [],
    "path": "/api/user/edit",
    "regexp": "/^\\/api\\/user\\/edit(?:\\/(?=$))?$/",
    "stack": [
      "wrappedController"
    ]
  },
  {
    "name": null,
    "methods": [
      "POST"
    ],
    "paramNames": [],
    "path": "/api/commons/citys",
    "regexp": "/^\\/api\\/commons\\/citys(?:\\/(?=$))?$/",
    "stack": [
      "wrappedController"
    ]
  },
  {
    "name": null,
    "methods": [
      "POST"
    ],
    "paramNames": [],
    "path": "/api/house/hot",
    "regexp": "/^\\/api\\/house\\/hot(?:\\/(?=$))?$/",
    "stack": [
      "wrappedController"
    ]
  },
  {
    "name": null,
    "methods": [
      "POST"
    ],
    "paramNames": [],
    "path": "/api/house/search",
    "regexp": "/^\\/api\\/house\\/search(?:\\/(?=$))?$/",
    "stack": [
      "wrappedController"
    ]
  },
  {
    "name": null,
    "methods": [
      "POST"
    ],
    "paramNames": [],
    "path": "/api/house/detail",
    "regexp": "/^\\/api\\/house\\/detail(?:\\/(?=$))?$/",
    "stack": [
      "wrappedController"
    ]
  },
  {
    "name": null,
    "methods": [
      "POST"
    ],
    "paramNames": [],
    "path": "/api/comment/add",
    "regexp": "/^\\/api\\/comment\\/add(?:\\/(?=$))?$/",
    "stack": [
      "wrappedController"
    ]
  },
  {
    "name": null,
    "methods": [
      "POST"
    ],
    "paramNames": [],
    "path": "/api/comment/lists",
    "regexp": "/^\\/api\\/comment\\/lists(?:\\/(?=$))?$/",
    "stack": [
      "wrappedController"
    ]
  },
  {
    "name": null,
    "methods": [
      "POST"
    ],
    "paramNames": [],
    "path": "/api/orders/hasOrder",
    "regexp": "/^\\/api\\/orders\\/hasOrder(?:\\/(?=$))?$/",
    "stack": [
      "anonymous",
      "wrappedController"
    ]
  },
  {
    "name": null,
    "methods": [
      "POST"
    ],
    "paramNames": [],
    "path": "/api/orders/addOrder",
    "regexp": "/^\\/api\\/orders\\/addOrder(?:\\/(?=$))?$/",
    "stack": [
      "anonymous",
      "wrappedController"
    ]
  },
  {
    "name": null,
    "methods": [
      "POST"
    ],
    "paramNames": [],
    "path": "/api/orders/delOrder",
    "regexp": "/^\\/api\\/orders\\/delOrder(?:\\/(?=$))?$/",
    "stack": [
      "anonymous",
      "wrappedController"
    ]
  },
  {
    "name": null,
    "methods": [
      "POST"
    ],
    "paramNames": [],
    "path": "/api/orders/lists",
    "regexp": "/^\\/api\\/orders\\/lists(?:\\/(?=$))?$/",
    "stack": [
      "anonymous",
      "wrappedController"
    ]
  },
  {
    "name": null,
    "methods": [
      "POST"
    ],
    "paramNames": [],
    "path": "/api/orders/pay",
    "regexp": "/^\\/api\\/orders\\/pay(?:\\/(?=$))?$/",
    "stack": [
      "anonymous",
      "wrappedController"
    ]
  }
]